abduct ,/v./@綁架;
abject ,/adj./@卑鄙的;,/adj./@可憐的;,/adj./@不幸的;
abjure ,/v./@發誓放棄;,/v./@抵制;
ablush ,/adj./@臉紅的;
aboard ,/adj./@在船上;,/adj./@在車上;,/adj./@上船;,/adj./@上飛機;
abrupt ,/adj./@突然;
absent ,/adj./@缺席的;,/adj./@缺少的;
absorb ,/v./@吸收;,/v./@理解;
absurd ,/adj./@荒謬的;,/adj./@荒唐的;
accede ,/v./@同意;
accent ,/v./@重讀;,/n./@口音;,/v./@強調;
accept ,/v./@接受;
access ,/v./@使用;,/v./@接近;,/v./@進入;
accord ,/v./@符合;,/v./@一致;,/v./@根据;,/n./@协议;
accrue ,/v./@产生;,/v./@发生;
accuse ,/v./@控告;
action ,/n./@行動;,/n./@行爲;
active ,/adj./@積極的;,/adj./@活躍的;
actual ,/adj./@眞實的;
addict ,/v./@沉溺;
adhere ,/v./@依附;,/v./@粘附;
adjust ,/v./@調整;
admire ,/v./@欽佩;,/v./@仰慕;
adverb ,/n./@副詞;
advert ,/v./@引起註意;
advice ,/n./@建議;
advise ,/v./@建議;
aerial ,/adj./@空中的;,/adj./@航空的;,/adj./@天空的;,/adj./@空氣的;,/n./@天綫;
affair ,/n./@事情;
affect ,/v./@影響;
affirm ,/v./@斷定;
afield ,/adj./@在遠處;
afraid ,/v./@恐怕;,/v./@害怕;
agency ,/n./@代理;
agenda ,/n./@議事日程;
albeit ,/conj./@雖然;,/conj./@卽使;
albion ,/n./@英格蘭@或不列顛的美稱;
alight ,/adj./@燒著的;
allege ,/v./@斷言;,/v./@宣稱;
allude ,/v./@間接提到;
allure ,/v./@吸引;
almost ,/adv./@幾乎;
always ,/adv./@總是;
amount ,/n./@數量;
ampere ,/n./@安培;
analog ,/n./@模拟;,/n./@类似;
anchor ,/n./@錨;,/v./@固定;
anemic ,/adj./@無活力的;
animal ,/n./@動物;
animus ,/n./@敵意;
annual ,/adj./@每年的;
answer ,/v.//n./@回答;
anthem ,/n./@頌歌;,/n./@聖歌;,/n./@贊美詩;,/n./@贊美歌;
antler ,/n./@鹿角;,/n./@茸角;
anyhow ,/adv./@無論如何;
anyone ,/n./@任何人;
anyway ,/adv./@不管怎樣;
apache ,/n./@阿帕奇;
apathy ,/n./@冷漠;
appall ,/v./@驚嚇;
appeal ,/v./@上訴;,/v./@呼吁;,/adj./@有吸引力;
appear ,/v./@出現;
append ,/v./@附加;
appose ,/vt./@并列;,/vt./@置於@(近處);
arcana ,/n./@奧秘;,/n./@神秘;
arcane ,/adj./@神秘的;
archer ,/n./@弓箭手;
ardent ,/adj./@熱情的;,/adj./@熱心的;,/adj./@激烈的;
aren't ,/v./@不是;
armour ,/n./@盔甲;
around ,/v./@周圍;
arouse ,/v./@喚醒;,/v./@喚起;,/v./@激發;,/v./@引起;,/v./@鼓勵;
arrear ,/n./@欠款;
arrest ,/v./@逮捕;
artist ,/n./@藝術家;
ascend ,/v./@上升;,/v./@攀升;
ascent ,/n./@上升;
ashame ,/v./@感到羞恥;
aslant ,/adj./@歪的;
aspect ,/n./@方面;
assail ,/v./@攻擊;
assent ,/v./@贊成;
assert ,/v./@斷言;,/v./@堅持;
assess ,/v./@評估;
assign ,/v./@分配;
assist ,/v./@協助;
assume ,/v./@猜想;
assure ,/v./(使)@確信;
astray ,/adj./@迷失的;,/adj./@误入歧途的;,/adv./@迷路地;,/adv./@误入歧途地;,/adv./@遗失;
astute ,/adj./@機敏的;,/adj./@精明的;
asylum ,/n./@庇護;
atomic ,/adj./@原子的;,/adj./@原子能的;
atrium ,/n./@中庭;,/n./@心房;
attach ,/v./@附加;,/v./@係;
attack ,/vt./@攻擊;
attain ,/v./@達到;,/v./@獲得;
attend ,/v./@出席;,/v./@照料;,/v./@陪伴;
attune ,/v./@合拍;
August ,/n./@八月;
author ,/n./@作者;
autumn ,/n./@秋;
avatar ,/n./@頭像;,/n./@化身;,/n./@替身;
avenue ,/n./@大街;
aviate ,/v./@飛行;
avowal ,/n./@聲明;,/n./@承認;,/n./@宣佈;
babble ,/v./@喋喋不休;,/v./@含糊不清地說;
baboon ,/n./@狒狒;
backup ,/n./@備份;
baffle ,/v./(使)@困惑;
ballad ,/n./@歌謠;,/n./@民謠;,/n./@敘事歌謠;
ballet ,/n./@芭蕾舞;
ballot ,/v./@投票;
banana ,/n./@香蕉;
bandit ,/n./@盜賊;,/n./@强盜;,/n./@土匪;,/n./@匪徒;,/n./@盜匪;
banish ,/v./@放逐;,/v./@驅逐;
banner ,/n./@旗幟;,/n./@橫幅;,/n./@標語;
banter ,/v./@戲虐;
barley ,/n./@大麥;
barrel ,/n./@桶;,/n./@管;
barren ,/adj./@不育的;,/adj./@貧瘠的;
barter ,/n./@易貨貿易;
basket ,/n./@籃;
battle ,/n./@戰爭;
bawdry ,/n./@猥褻;,/n./@賣淫;
bazaar ,/n./@集市;
beacon ,/n./@燈塔;
beauty ,/n./@美女;
become ,/v./@變成;
before ,/v./@前于;
behave ,/v./@行爲;
behind ,/v./@后于;
behold ,/v./@看;,/v./@註視;,/v./@瞧;
belief ,/n./@信仰;
bellow ,/v./@吼叫;
belong ,/v./@屬于;
berate ,/v./@斥責;,/v./@訓斥;
bestow ,/v./@給予;,/v./@授予;
betray ,/v./@背叛;,/v./@出賣;
better ,/adj./@更好的;
beware ,/vi./@當心;,/v./@小心;,/v./@提防;
beyond ,/v./@超過;
billet ,/n./@便條;,/n./@短簡;
binary ,/adj./@二進制的;,/adj./@二元的;
bitter ,/adj./@苦的;
blazon ,/v./@宣佈;,/v./@裝飾;
bleach ,/v./@漂白;
blonde ,/adj./@金髮碧眼的;,/adj./@白膚金髮碧眼的;,/n./@金髮碧眼的女人;
blurry ,/adj./@模糊的;,/adj./@不清楚的;,/adj./@污髒的;
borage ,/n./@紫草科;,/adj./@紫草科的;
border ,/n./@邊界;
boring ,/adj./@無聊的;
borrow ,/v./@借;
botany ,/n./@植物學;
bother ,/v./@打擾;
bottle ,/n./@瓶子;
bottom ,/n./@底部;
bought ,/v./@買;
bounce ,/v./@彈起;,/n./@跳躍;
branch ,/n./@分支;
breach ,/n./@違反;,/n./@違背;,/n./@缺口;,/vt./@違反;,/vt./@破壞;,/vt./@打破;
breast ,/n./@乳房;,/n./@胸部;
breath ,/v./@呼吸;
breeze ,/n./@微風;
bridge ,/n./@橋;
bridle ,/n./@韁繩;,/v./@約束;,/v./@抑制;,/v./@控制;
bright ,/adj./@明亮的;,/adj./@聰明的;
broach ,/v./@鑽孔;
broken ,/adj./@破碎的;,/adj./@燬壞的;
brooch ,/n./@胸針;,/n./@領針;
browse ,/v./@瀏覽;
bruise ,/n./@擦傷;,/n./@瘀傷;,/n./@青腫;,/n./@挫傷;
brutal ,/adj./@殘忍的;,/adj./@野蠻的;
bubble ,/n./@氣泡;,/n./@泡泡;
bucket ,/n./@桶;
budget ,/n./@預算;
budgie ,/n./@虎皮鸚鵡;,/n./@相思鸚鵡;
buffer ,/n./@緩衝區;
buffet ,/n./@自助餐;
bullet ,/n./@子彈;
bundle ,/n./@捆;
bunker ,/n./@掩體;
burden ,/n./@重負;
bureau ,/n./@局;,/n./@司;,/n./@辦公室;
burial ,/n./@葬禮;
butler ,/n./@男管家;,/n./@僕役長;
butter ,/n./@黃油;
button ,/n./@按鈕;,/n./@紐扣;
bypass ,/v./@繞開;,/v./@忽視;
cackle ,/v./@饒舌;,/v./@喋喋不休;
camera ,/n./@照相機;
campus ,/n./@校園;
Canada ,/n./@加拿大;
cancel ,/v./@取消;
cancer ,/n./@癌症;
Cancer ,/n./@巨蟹座;
candid ,/adj./@坦白的;,/adj./@直率的;
cannon ,/n./@大炮;,/n./@加農炮;
cannot ,/v./@不能;
canopy ,/n./@天篷;,/n./@遮篷;,/n./@華蓋;,/v./@遮蓋;
canyon ,/n./@峽谷;
capita ,/n./@人;
carbon ,/n./@碳;
career ,/n./@事業;,/n./@職業;,/n./@生涯;
caress ,/v./@愛撫;,/v./@撫摸;,/v./@擁抱;,/v./@接吻;
carnal ,/adj./@肉體的;,/adj./@肉慾的;,/adj./@淫蕩的;,/adj./@性慾的;
carpet ,/n./@地毯;
carrot ,/n./@胡蘿蔔;
carton ,/n./@紙箱;
castle ,/n./@城堡;
casual ,/adj./@隨便的;
cattle ,/n./@牛;
caveat ,/n./@警告;,/n./@告誡;
cavern ,/n./@洞穴;,/v./@挖空;
celery ,/n./@芹菜;
cement ,/n./@水泥;
censor ,/v./@審查;,/v./@檢查;
census ,/n./@普查;,/n./@統計;
center ,/n./@中心;,/v./@集中;
centre ,/n./@中心;
cereal ,/n./@谷類;
chalan ,/n./@收據;,/n./@发票;,/n./@通行證;
chance ,/n./@機會;
change ,/v./@改變;
chapel ,/n./@小教堂;
charge ,/v./@收費;,/v./@充電;
chaste ,/adj./@純潔的;,/adj./@貞潔的;,/adj./@有道德的;,/adj./@樸素的;
cheese ,/n./@乳酪;
cheque ,/n./@支票;
cherry ,/n./@櫻桃;
chisel ,/v./@雕刻;
choice ,/n./@選擇;
chorus ,/n./@合唱曲;
chosen ,/v./@選擇;
christ ,/n./@基督;
church ,/n./@教堂;,/n./@教會;
cinema ,/n./@電影院;
cipher ,/n./@密碼;,/v./@計算;
circle ,/n./@圓;,/n./@果;,/v./@畫圈;
circum ,/n./@環繞;,/n./@周圍;
circus ,/n./@馬戲團;
classy ,/adj./@優等的;,/adj./@上等的;,/adj./@漂亮的;
clause ,/n./@從句;
claver ,/n./@閑話;
clench ,/v./@緊握;
clever ,/adj./@聰明的;
cliche ,/n./@陈词滥调;,/adj./@陈腐的;,/n./@铅版;
client ,/n./@客戶;,/n./@用户;,/n./@顧客;
climax ,/n./@高潮;,/n./@頂點;
clinic ,/n./@診所;
clique ,/n./@派係;
clumsy ,/adj./@笨拙的;
clutch ,/v./@抓緊;
coarse ,/adj./@粗糙的;
cocoon ,/n./@茧;,/n./@蚕茧;
coerce ,/v./@強制;,/v./@迫使;
coffee ,/n./@咖啡;
coffin ,/n./@棺材;
cogent ,/adj./@令人信服的;,/adj./@相關的;
cohort ,/n./@隊列;,/n./@同期群;,/n./@同生群;,/n./@步兵隊;
collar ,/n./@領子;
colony ,/n./@殖民地;
colour ,/n./@顔色;,/n./@色彩;
column ,/n./@列;,/n./@圓柱;,/n./@栏;
combat ,/n./@戰斗;
comedy ,/n./@喜劇;
comics ,/n./@漫畫;,/n./@連環畫;
comity ,/n./@友好;,/n./@和諧;
commit ,/v./@認@罪;
common ,/adj./@共同的;,/adj./@通常的;
compel ,/v./@強迫;
comply ,/v./@遵守;
concur ,/v./@同意;,/v./@一致;
condom ,/n./@避孕套;
confer ,/v./@授予;
convey ,/v./@傳達;
convoy ,/v./@護航;,/v./@護送;,/v./@護衛;
cooker ,/n./@廚具;
cookie ,/n./@曲奇;,/n./@餅干;
copper ,/n./@銅;
cordon ,/n./@警戒綫;,/n./@綬帶;
corner ,/n./@角落;
corpse ,/n./@屍體;
corpus ,/n./@語料庫;,/n./@文集;,/n./@本金;
cortex ,/n./@皮质;,/n./@皮层;,/n./@树皮;,/n./@果皮;
cosmic ,/adj./@宇宙的;
cosmos ,/n./@宇宙;
cotton ,/n./@棉;
county ,/n./@縣;,/n./@郡;
coupon ,/n./@贈券;
course ,/n./@課程;
cousin ,/n./@堂兄弟姐妹;,/n./@表兄弟姐妹;
covert ,/n./@隱藏處;,/adj./@隱蔽的;,/adj./@隱秘的;
coward ,/n./@懦夫;
cradle ,/n./@搖籃;
cranky ,/adj./@暴躁的;,/adj./@古怪的;
crappy ,/adj./@蹩脚的;,/adj./@糟糕的;
crater ,/n./@坑;,/n./@彈坑;,/n./@火山口;
cravat ,/n./@領帶;,/n./@領巾;
create ,/v./@創造;
credit ,/n./@信用;,/v./@歸功于;,/v./@相信;
creepy ,/adj./@令人毛骨悚然的;
cringe ,/v./@畏縮;,/v./@奉承;,/v./@阿諛;
crises ,/n./@危機;
crisis ,/n./@危機;
crotch ,/n./@胯部;,/n./@分叉;
crouch ,/v./@蹲;,/v./@蜷伏;
crunch ,/v./@咬碎;,/v./@壓碎;
crutch ,/n./@拐杖;
cuboid ,/n./@立方體;
cuddle ,/v./@擁抱;
curate ,/v./@摘選;
curtly ,/adv./@簡略地;
cussed ,/adj./@固執的;
custom ,/n./@風俗;,/n./@習慣;
cypher ,/n./@零;
daemon ,/n./@魔鬼;,/n./@惡魔;
damage ,/v./@破壞;,/v./@損害;,/n./@損害;,/n./@損傷;,/n./@傷害;,/n./@損毀;
danger ,/n./@危險;
danish ,/adj./@丹麥的;,/n./@丹麥面包;
darken ,/v./@使變暗;
dazzle ,/v./@耀眼;
dealer ,/n./@商人;,/n./@販子;
debase ,/vt./@降低;,/vt./@貶值;,/vt./@摻雜;
debate ,/v./@辯論;,/n./@爭論;
debris ,/n./@殘骸;
decade ,/n./@十年;
deceit ,/n./@欺騙;,/n./@欺詐;,/n./@謊言;
decent ,/adj./@正派的;
decide ,/v./@決定;,/v./@判決;
decode ,/v./@破譯;
decree ,/n./@法令;
deduce ,/v./@演繹;,/v./@推斷;,/v./@推論;
deduct ,/v./@減去;
deepen ,/v./@加深;,/v./@深化;
deeply ,/adv./@深深地;,/adv./@深切的;
defeat ,/vt./@打敗;
defect ,/n./@缺陷;
defend ,/v./@保衛;,/v./@防守;
defile ,/v./@污損;,/v./@弄髒;,/v./@污染;
define ,/v./@定義;
deform ,/v./@弄變形；@弄殘;
degree ,/n./@度;,/n./@學位;,/n./@級別;
delete ,/v./@刪除;
deluge ,/n./@洪水;,/n./@汎濫;,/n./@暴雨;
demand ,/v./@命令;
dement ,/adj./@癡呆的;,/n./@癡呆;
denote ,/v./@表示;
depart ,/v./@離開;,/v./@出发;
depend ,/v./@依靠;
depict ,/v./@描述;,/v./@描畫;
deploy ,/v./@解雇;
depute ,/v./@委任;
deride ,/v./@嘲笑;
derive ,/v./@源于;
desert ,/n./@沙漠;,/n./@荒原;,/v./@遺棄;,/v./@離棄;,/v./@抛棄;,/v./@放棄;,/v./@擅離;,/v./@逃跑;,/v./@逃亡;,/n./@賞罰;,/n./@功德;,/n./@功勞;,/adj./@荒蕪的;
design ,/v./@設計;
desire ,/v./@慾望;
detach ,/v./@分離;,/v./@拆卸;
detail ,/n./@細節;
detect ,/v./@察覺;
device ,/n./@設備;
devote ,/v./@奉獻;
devout ,/adj./@虔誠的;,/adj./@衷心的;
dialog ,/redirected./@target="dialogue";
diaper ,/n./@尿布;
diesel ,/n./@柴油機;
differ ,/v./@不同;
digest ,/v./@消化;,/v./@吸收;,/n./@文摘;
dilate ,/v./@膨脹;,/v./@擴大;,/v./@詳述;
dilute ,/v./@稀釋;
dinghy ,/n./@小艇;,/n./@小船;
dinner ,/n./@晚餐;
direct ,/adj./@直接的;,/v./@指挥;,/v./@支配;
discus ,/n./@鐵餅;
dismal ,/adj./@淒涼的;,/adj./@憂郁的;,/adj./@失落的;
dismay ,/v./@沮喪;
dispel ,/vt./@驅散;,/vt./@驅逐;,/vt./@消除;
disuse ,/v./@廢止;,/n./@廢止;
divide ,/v./@拆分;
divine ,/adj./@神聖的;
doctor ,/n./@醫生;,/n./@博士;
dollar ,/n./@美元;
domain ,/n./@領域;,/n./@領土;
domine ,/n./@主人;,/n./@老爺;
donate ,/v./@捐贈;,/v./@捐献;
donkey ,/n./@驴;,/n./@笨蛋;
doodle ,/v./@塗鴉;
dotage ,/n./@溺爱;,/n./@老耄;,/n./@老迷糊;
double ,/adj./@兩倍的;,/adj./@雙重的;,/adj./@二倍的;
douche ,/v./@沖洗;
dragon ,/n./@龍;
drawer ,/n./@抽匣;
dreary ,/adj./@沉悶的;,/adj./@沉鬱的;,/adj./@凄涼的;,/adj./@枯燥的;,/adj./@乏味的;
driver ,/n./@司機;
duress ,/v./@強迫;,/v./@監禁;
during ,/v./@在@(...)期間;
dynamo ,/n./@发电机;
easier ,/adj./@更容易;
easily ,/adv./@容易地;
editor ,/n./@編輯;,/n./@編者;
efface ,/v./@擦掉;,/v./@抹去;
effect ,/n./@影響;,/n./@效果;,/n./@作用;
effuse ,/v./@流出;,/v./@湧出;,/v./@瀉出;
egoism ,/n./@利己主義;
elapse ,/v./@消逝;
elated ,/adj./@興髙采烈的;
eleven ,/n./@十一;
elicit ,/v./@引出;,/v./@引起;,/v./@抽出;,/v./@引發;,/v./@誘發;
embark ,/v./@從事;,/v./@著手;
emblem ,/n./@象征;,/n./@标志;,/n./@徽章;,/n./@标记;
emerge ,/v./@出現;
empire ,/n./@帝國;
employ ,/v./@雇用;
encore ,/n./@再唱;,/n./@加演;
endian ,/n./@字节序;
endure ,/v./@容忍;,/v./@忍耐;
energy ,/n./@能量;
engage ,/v./@使從事;,/v./@吸引;,/v./@佔用;
engine ,/n./@引擎;,/n./@发動機;
enigma ,/n./@謎;,/n./@不可思議的事物;
enough ,/adj./@足夠的;,/adj./@充足的;
enrage ,/v./@激怒;
enrich ,/v./@充實;
enroll ,/v./@登記;
ensure ,/v./@保證;
entail ,/v./@遺留;,/v./@蘊含;,/v./@需要;
entice ,/v./@引诱;,/v./@诱惑;,/v./@吸引;,/v./@诱使;,/v./@怂恿;
entire ,/adj./@整個的;
entity ,/n./@實體;
equate ,/v./@等同;
equity ,/n./@公平;
eraser ,/n./@橡皮;,/n./@清除器;,/n./@擦除器;
erotic ,/adj./@色情的;,/adj./@性愛的;
errand ,/n./@使命;,/n./差事;
errant ,/adj./@不定的;
escape ,/v./@逃脫;
escort ,/v./@護送;,/v./@陪同;,/n./@護航艦;
estate ,/n./@財產;,/n./@身份;
esteem ,/n./@尊重;,/n./@尊敬;,/vt./@尊敬;,/v./@認爲;,/v./@考慮;,/v./@估價;
ethnic ,/adj./@種族的;,/adj./@人種的;
eulogy ,/n./@悼詞;,/n./@頌詞;,/n./@頌揚;
evenly ,/adv./@均勻地;,/adj./@平均地;
evolve ,/v./@发展;,/v./@進化;
exceed ,/v./@超過;
except ,/v./@除了;
excess ,/n./@過度;,/n./@過量;,/n./@超過;,/adj./@額外的;
excite ,/v./@刺激;
excuse ,/v./@原諒;
exempt ,/vt./@免除;
exhale ,/v./@呼氣;
exhume ,/v./@掘出;
exotic ,/adj./@外國的;
expand ,/v./@擴大;
expect ,/v./@期望;,/v./@預料;
expert ,/n./@專家;
expire ,/v./@終止;,/v./@到期;,/v./@断气;
expose ,/v./@暴露;
extant ,/adj./@現存的;,/adj./@顯著地;
extend ,/v./@擴充;,/v./@延展;
extent ,/n./@程度;
extern ,/adj./@外部的;
fabric ,/n./@織物;,/n./@結構;,/n./@組織;
facade ,/n./@正面;,/n./@表面;,/n./@外觀;
facial ,/adj./@面部的;
factor ,/n./@因素;
faggot ,/n./@柴把;,/v./@同性戀;
falcon ,/n./@獵鷹;,/n./@隼;
falter ,/v./@支吾;
family ,/n./@家庭;
famous ,/adj./@著名的;
fandom ,/n./@影迷;
fasten ,/v./@係牢;
father ,/n./@父親;
faucet ,/n./@龍頭;,/n./@旋塞;,/n./@插口;
fealty ,/n./@忠誠;
feeble ,/adj./@虛弱的;
fellow ,/n./@家夥;
felony ,/n./@重罪;
fervid ,/adj./@热情的;,/adj./@热烈的;,/adj./@强烈的;,/adj./@激情的;
fervor ,/n./@狂熱;
fetter ,/v./@束縛;,/v./@加脚鐐;,/n./@束縛;,/n./@脚鐐;,/n./@羈絆;
feudal ,/adj./@封建的;
fiddle ,/n./@提琴;
fierce ,/adj./@兇猛的;,/adj./@猛烈的;
figure ,/n./@數字;,/n./@體型;,/n./@肖像;,/n./@圖形;,/v./@計算;,/v./@出現;
filter ,/n./@濾器;,/n./@濾鏡;,/v./@過濾;
filthy ,/adj./@肮脏的;
finish ,/v./@完成;
finite ,/adj./@有限的;
fixate ,/v./@註視;,/v./@固定;
fizzle ,/n./@失敗;,/v./@萎靡;
flabby ,/adj./@鬆弛的;,/adj./@軟弱的;
flappy ,/adj./@飛揚的;
flatly ,/adv./@斷然的;
flavor ,/n./@滋味;,/n./@風趣;
fledge ,/n./@羽毛;,/v./@長羽毛;
fleece ,/n./@羊毛;
flight ,/n./@航班;,/n./@飛;,/n./@逃走;
flinch ,/v./@畏縮;
flower ,/n./@花;
fluent ,/adj./@流暢的;
foetal ,/adj./@胎兒的;
folder ,/n./@文件夾;
follow ,/v./@跟隨;,/v./@按照;
foment ,/v./@煽動;,/v./@助長;,/v./@挑起;
forbid ,/v./ @禁止;
forest ,/n./@森林;
forget ,/v./@忘記;
formal ,/adj./@正式的;,/adj./@正規的;
format ,/n./@格式;
former ,/adj./@以前的;
fossil ,/n./@化石;
foster ,/v./@養育;,/v./@撫養;
freeze ,/v./@冰凍;,/v./@冷凍;
fresco ,/n./@壁畫;
Friday ,/n./@星期五;
fridge ,/n./@冰箱;
friend ,/n./@朋友;
fright ,/n./@驚嚇;
frigid ,/adj./@寒冷的;
fringe ,/n./@邊緣;
frisky ,/adj./@活潑的;
frugal ,/adj./@節儉的;,/adj./@樸素的;
frumpy ,/adj./@過時的;
fungal ,/adj./@眞菌的;
funnel ,/n./@漏斗;,/n./@煙囪;
futile ,/adj./@徒勞的;,/adj./@無用的;
future ,/n./@未來;
gadget ,/n./@小玩意;
gallop ,/v./@疾馳;
gambit ,/n./@話題;,/n./@開始;
gamble ,/v./@賭博;
garage ,/n./@車庫;
garden ,/n./@花園;
garlic ,/n./@大蒜;
garner ,/v./@獲得;,/v./@儲存;
garret ,/n./@閣樓;
gauche ,/adj./@笨拙的;,/adj./@粗魯的;
gender ,/n./@性;
genius ,/n./@天賦;
genome ,/n./@基因组;,/n./@染色体组;
gentle ,/adj./@輕柔的;
gently ,/adj./@輕柔的;
gerund ,/n./@動名詞;
giggle ,/v./@咯咯笑;
ginger ,/n./@薑;
glance ,/v./@掃視;,/v./@瞥;
glider ,/n./@滑翔機;
glitch ,/n./@故障;,/n./@失靈;
global ,/adj./@全球的;
gloomy ,/adj./@黑暗的;
goatee ,/n./@山羊胡子;
goblet ,/n./@酒杯;,/n./@髙腳杯;
goblin ,/n./@妖精;
golden ,/adj./@金色的;,/adj./@金的;
gotcha ,/n./@明白了;
gothic ,/adj./@哥特的;
gravel ,/n./@砂礫;
grease ,/n./@油脂;,/n./@賄賂;
greasy ,/adj./@油膩的;
Greece ,/n./@希臘;
greedy ,/adj./@貪婪的;
grieve ,/v./@悲痛;
grisly ,/adj./@可怕的;
grocer ,/n./@雜貨店;
ground ,/n./@場地;,/n./@地面;,/n./@理由;,/n./@根據;
growth ,/n./@增長;,/n./@發展;,/n./@生長;
grumpy ,/adj./@脾氣暴躁的;
guffaw ,/v./@哄笑;
guilty ,/adj./@有罪的;
guitar ,/n./@吉他;
gurgle ,/n./@咯咯聲;
haggle ,/n./@爭論;,/n./@討價還價;
hallow ,/n./@神聖;,/v./@神化;,/n./@聖徒;,/n./@聖器;
hamlet ,/n./@小村莊;
hammer ,/n./@錘子;,/v./@錘擊;
handle ,/n./@把手;,/v./@處理;,/v./@操作;
happen ,/v./@发生;
harass ,/v./@騷擾;,/v./@煩擾;
harlot ,/n./@娼妓;
harrow ,/n./@耙;,/vt./@耙;,/vt./@煩擾;
hassle ,/n./@麻煩;,/n./@困難;,/v./@爭辯;
hasten ,/v./@加速;
hatred ,/n./@仇恨;
health ,/n./@健康;
hearth ,/n./@壁爐;,/n./@爐邊;
heaven ,/n./@天堂;,/n./@天空;
heckle ,/v./@詰問;
height ,/n./@髙;,/n./@髙度;
helium ,/n./@氦;
herald ,/n./@先驅;,/n./@先兆;
here's ,/n.v./@這是;
hereby ,/adv./@以此;
heresy ,/n./@異端;,/n./@邪教;
hermit ,/n./@隱士;
higher ,/adj./@更高的;
highly ,/adv./@髙度的;,/adv./@很髙的;
hijack ,/n.//v./@搶劫;,/n.//v./@劫持;,/v.//n./@威逼;,/v.//n./@敲詐;
hither ,/adv.//adj./@這里;
hobble ,/v./@蹣跚;,/v./@跛行;
hockey ,/n./@曲棍球;,/n./@冰球;
hollow ,/adj./@空的;,/adj./@中空的;
homely ,/adj./@家常的;,/adj./@简朴的;
honest ,/adj./@誠實的;
honour ,/n./@榮幸;
hopper ,/n./@漏斗;,/n./@跳蟲;
horror ,/n./@驚駭;,/n./@恐怖;
hostel ,/n./@招待所;
hotdog ,/n./@熱狗;
hubble ,/n./@小瘤;,/n./@小凸起;
huddle ,/v./@蜷縮;
humane ,/adj./@仁慈的;,/adj./@人道的;,/adj./@髙尚的;
humble ,/adj./@謙卑的;
humour ,/n./@幽默;,/n./@詼諧;,/vt./@遷就;
hunger ,/n./@饑餓;
hungry ,/adj./@饑餓的;
hybrid ,/n./@雜種;,/adj./@混合的;,/adj./@雜交的;
ignite ,/v./@點燃;,/vi./@燃燒;
ignore ,/v./@忽視;,/v./@忽略;
immune ,/v./@免疫;
impact ,/v./@影響;
impair ,/vt./@損害;
impart ,/vt./@賦予;
impede ,/v./@妨礙;,/v./@阻礙;
import ,/v./@輸入;,/v./@進口;
impose ,/v./@實施;,/v./@推行;
income ,/n./@收入;
indeed ,/adv./@當然;,/adv./@確實;
indent ,/v./@縮行;
indict ,/v./@起訴;,/v./@控告;,/v./@告發;
induce ,/v./@引誘;,/v./@引起;
infant ,/n./@嬰兒;
infect ,/v./@感染;,/v./@傳染;
infill ,/v./@填實;,/v./@填入;
inform ,/v./@通知;
inhale ,/v./@吸氣;
inject ,/v./@註射;
injure ,/vt./@損傷;,/v./@傷害;
injury ,/n./@傷害;
insane ,/adj./@瘋狂的;
insect ,/n./@昆蟲;
insert ,/v./@插入;
inside ,/prep./在...@內;
insist ,/v./@堅持;
insult ,/v./@侮辱;
insure ,/v./@確保;
intact ,/adj./@完整的;
intend ,/v./@打算;
intent ,/n./@意圖;,/n./@含義;,/adj./@專心的;
intern ,/n./@實習生;
intuit ,/v./@由直覺知道;
invade ,/v./@侵略;
invent ,/v./@发明;,/v./@创造;
invert ,/v./@轉化;,/v./@翻轉;,/v./@倒置;
invest ,/v./@投資;
invite ,/v./@邀請;
invoke ,/vt./@調用;,/vt./@祈求;
island ,/n./@島嶼;
Israel ,/n./@以色列;
jagger ,/n./@鑿子;,/n./@鋸齒;
jigsaw ,/n./@線鋸;
jocund ,/adj./@歡樂的;,/adj./@高興的;,/adj./@快活的;
jostle ,/v./@推擠;
jovial ,/adj./@快活的;
judder ,/v./@顫抖;,/n./@顫抖;
jungle ,/n./@叢林;,/n./@密林;
junior ,/adj./@初級的;
keeper ,/n./@保管人;,/n./@管理員;
kennel ,/n./@狗屋;
kernel ,/n./@核;,/n./@核心;
ketone ,/n./@酮體;
kettle ,/n./@水壺;
kidnap ,/v./@綁架;,/v./@拐騙;
kidney ,/n./@腎脏;
killer ,/n./@殺手;
kindle ,/v./@點燃;
kitten ,/n./@小貓;
knight ,/n./@騎士;
lackey ,/n./@男僕;,/n./@侍從;,/n./@馬屁精;
ladder ,/n./@梯子;
laptop ,/n./@筆記本;
larynx ,/n./@喉;
lately ,/adj./@近來;
latter ,/adj./@后面的;,/adj./@后者的;
launch ,/v./@发射;,/v./@发起;
lavish ,/adj./@浪費的;,/adj./@豐富的;,/adj./@大方的;,/v./@浪費;,/v./@濫用;,/v./@慷慨給予;
lawful ,/adj./@合法的;,/adj./@法律的;
lawyer ,/n./@律師;
layout ,/n./@設計;,/n./@規劃;,/n./@圖案;
leader ,/n./@領導;,/n./@領袖;
league ,/n./@同盟;,/n./@協會;
leeway ,/n./@餘地;,/n./@退路;
legacy ,/n./@遺贈;,/n./@遺產;
legend ,/n./@傳奇;,/n./@傳說;
legion ,/n./@軍團;,/n./@衆多;,/n./@軍隊;
length ,/n./@長度;
lesion ,/n./@損害;
lesson ,/n./@課程;,/n./@教訓;
lethal ,/adj./@致命的;
letter ,/n./@字母;,/n./@信件;
liable ,/adj./@有責任的;
lichen ,/n./@地衣;,/n./@青苔;
likely ,/adj./@有可能的;
linear ,/adj./@線性的;,/adj./@線狀的;
linger ,/v./@徘徊;,/v./@逗留;,/v./@拖延;
lining ,/n./@夾裡;,/n./@襯裡;
liquid ,/adj./@液態的;
liquor ,/n./@酒;
listen ,/vi./@聽;
litter ,/n./@垃圾;,/v./@丟@垃圾;
little ,/adj./@小的;
lizard ,/n./@蜥蜴;
loathe ,/v./@厭惡;
locate ,/v./@定位;
logout ,/n./@注銷;,/n./@登出;,/n./@退出;
London ,/n./@倫敦;
lonely ,/adj./@孤獨的;,/adj./@寂寞的;
lotion ,/n./@洗液;
lounge ,/n./@休息室;
lovely ,/adj./@可愛的;
lumber ,/v./@伐木;,/n./@木材;
lunacy ,/n./@精神失常;,/n./@愚蠢;
luring ,/adj./@吸引人的;
luxury ,/n./@奢侈;,/n./@奢侈品;
lyceum ,/n./@演講廳;,/n./@音樂廳;,/n./@會堂;
maiden ,/n./@少女;,/adj./@未婚的;
malice ,/n./@惡意;,/n./@怨恨;,/n./@預謀;
malign ,/v./@誹謗;,/v./@污衊;,/v./@中傷;
mallow ,/n./@錦葵;
mammal ,/n./@哺乳動物;
manage ,/v./@處理;,/v./@管理;,/v./@控制;
manner ,/n./@方式;,/n./@習慣;
mantle ,/v./@覆蓋;,/n./@斗篷;
manual ,/adj./@手工的;,/n./@手冊;,/n./@指南;
manure ,/n./@肥料;,/n./@糞肥;,/v./@施肥於;
margin ,/n./@邊;,/n./@差額;,/n./@余地;,/n./@頁面空白;
marine ,/adj./@海運的;,/adj./@海軍的;
marker ,/n./@標志;
market ,/n./@市場;,/n./@銷路;
marrow ,/n./@髓;,/n./@骨髓;,/n./@精華;,/n./@活力;
martyr ,/n./@烈士;
marvel ,/v./(對...感到)@驚訝;,/v./@欽佩;
master ,/n./@主人;
matter ,/n./@問題;,/n./@事情;
mature ,/adj./@成熟的;
mayday ,/n./@求救信號;
meadow ,/n./@草地;,/n./@牧場;
meddle ,/v./@干預;,/v./@管閑事;
median ,/adj./@中間的;
medium ,/n./@手段;,/n./@媒體;
mellow ,/adj./@圓潤的;,/adj./@柔和的;,/adj./@成熟的;
melody ,/n./@旋律;
member ,/n./@成員;,/n./@會員;
memoir ,/n./@回憶録;,/n./@自傳;
memory ,/n./@記憶;,/n./@記憶力;,/n./@紀念;,/n./@存儲;
menace ,/v./@威脅;,/v./@恐嚇;,/n./@威脅;,/n./@恐嚇;
mental ,/adj./@精神的;
merely ,/adv./@僅;
meteor ,/n./@流星;,/n./@大氣現象;
method ,/n./@方法;
middle ,/adj./@中間的;
midget ,/n./@矮子;,/n./@侏儒;
mildew ,/n./@霉;,/v./@發霉;
milieu ,/n./@環境;
miller ,/n./@磨坊主;
mingle ,/v./@混合;,/v./@混入;
minion ,/n./@下屬;,/n./@小卒;,/n./@僕從;,/n./@奴才;,/n./@部下;,/n./@寵兒;,/n./@寵臣;
minute ,/n./@分鍾;
mirror ,/n./@鏡子;
misery ,/v./@苦難;
mishap ,/n./@厄運;
mister ,/n./@先生;,/n./@平民;
modest ,/adj./@謙虛的;,/adj./@質樸的;
modify ,/v./@修正;,/v./@修飾;
module ,/n./@模塊;,/n./@組件;
modulo ,/v./@求餘;,/v./@按模;,/n./@模數;
moment ,/n./@時刻;
Monday ,/n./@星期一;
monkey ,/n./@猴子;
morale ,/n./@士氣;,/n./@斗志;
morbid ,/adj./@病態的;,/adj./@消極的;,/adj./@恐怖的;
morose ,/adj./@鬱悶的;,/adj./@孤僻的;
mortal ,/adj./@凡人的;,/adj./@會死的;
mosque ,/n./@清真寺;
mother ,/n./@母親;
motion ,/n./@運動;
motive ,/n./@動機;,/n./@目的;
mouldy ,/n./@魚雷;,/adj./@發霉的;
muffle ,/v./@蒙住;
mumble ,/v./@咕噥;
murder ,/v./@謀殺;
murmur ,/v./@低聲說;
muscle ,/n./@肌肉;
museum ,/n./@博物館;,/n./@陳列館;
mutant ,/n./@突變體;,/adj./@突變的;
mutate ,/v./@變化;,/v./@改變;,/v./@突變;
mutter ,/v./@咕噥;
mutual ,/adj./@相互的;
myself ,/pron./@我自己;
mystic ,/adj./@神秘的;
napkin ,/n./@餐巾;,/n./@餐巾紙;
narrow ,/adj./@窄的;
nation ,/n./@國家;,/n./@民族;
nature ,/n./@自然;
nausea ,/n./@噁心;,/n./@暈船;,/n./@厭惡;
nearby ,/adj./@附近的;
needle ,/n./@針;
nephew ,/n./@侄子;,/n./@外甥;
nestle ,/v./@安頓;,/v./@建巢;
neural ,/adj./@神經的;
neuter ,/adj./@中性的;,/n./@無性;
nicety ,/n./@精密;
nickel ,/n./@鎳幣;
nimble ,/adj./@敏捷的;
nipple ,/n./@乳頭;
nobody ,/pron./@沒有人;
normal ,/adj./@正常的;
notary ,/n./@公證人;
notice ,/v./@註意;,/n./@註意;,/n./@通知;
notify ,/v./@通知;
notion ,/n./@概念;,/n./@意圖;
nought ,/n./@零;
novice ,/n./@新手;,/n./@初学者;
nuance ,/n./@細微差別;
nudity ,/n./@裸體;,/n./@裸露;
number ,/n./@數字;,/n./@號碼;,/n./@若干;
object ,/n./@目標;,/v./@反對;
oblige ,/v./@迫使;,/v./@施恩@惠;
obsess ,/v./@迷住;,/v./@迷戀;,/v./@著迷;
obtain ,/v./@獲得;,/v./@習得;
obtuse ,/adj./@遲鈍的;,/adj./@圓頭的;,/adj./@不鋒利的;
occupy ,/v./@佔用;,/v./@佔據;,/v./@佔領;,/v./@擔任;
ocular ,/adj./@眼睛的;,/adj./@視覺的;
odious ,/adj./@可憎的;
offend ,/vt./@冒犯;
office ,/n./@辦公室;
online ,/adj./@在綫;
opaque ,/adj./@不透明的;
opiate ,/adj./@含鴉片的;,/adj./@麻醉的;,/n./@麻醉劑;
oppose ,/v./@反對;
option ,/n./@選項;
oracle ,/n./@神諭;
orange ,/n./@橘子;
orchid ,/n./@蘭花;,/n./@淡紫色;,/adj./@淡紫色的;
ordain ,/v./@命令;,/v./@任命;,/v./@注定;
orgasm ,/n./@性髙潮;
orient ,/adj./@東方的;
origin ,/n./@起源;
ornate ,/adj./@華麗的;,/adj./@裝飾的;
orphan ,/n./@孤兒;
others ,/pron./@其他人;
ouster ,/n./@驅逐;,/n./@罷黜;,/n./@剝奪;
outset ,/n./@開始;
overdo ,/v./@過火;,/v./@誇張;
pablum ,/n./@嬰兒麥片;
pacify ,/vt./@使平靜;
packet ,/n./@小包;,/n./@小盒;
paddle ,/v./@劃槳;,/n./@槳;,/v./@攪;
palace ,/n./@宮殿;
palate ,/n./@味覺;
parade ,/n./@遊行;
parcel ,/v./@分配;,/n./@包裹;
pardon ,/v./@寬恕;
parent ,/n./@父母;
parity ,/n./@同等;,/n./@相等;,/n./@平價;
parlay ,/v./(使)@增値;
parley ,/v./@談判;,/v./@會談;
parlor ,/n./@客廳;
parole ,/n./@誓言;,/n./@假釋;
parrot ,/n./@鸚鵡;
partly ,/adv./@部分地;
passby ,/v./@旁路;,/v./@經過;
pastel ,/n./@粉蠟筆;
pastry ,/n./@酥皮糕點;
patent ,/n./@專利;,/adj./@明顯的;
patrol ,/n./@巡邏;,/n./@巡邏隊;,/n./@偵察隊;
patron ,/n./@贊助人;,/n./@主顧;
peanut ,/n./@花生;
pebble ,/n./@卵石;
peking ,/n./@北京;
pencil ,/n./@鉛筆;
people ,/n./@人;
pepper ,/n./@胡椒;
period ,/n./@一段時間;,/n./@學識;,/n./@記號;
perish ,/v./@死亡;,/v./@毀滅;
permit ,/v./@允許;
person ,/n./@人;
petrol ,/n./@汽油;
phrase ,/n./@短語;
phylum ,/n./@門;,/n./@語係;
piazza ,/n./@廣場;
pickle ,/n./@泡菜;
pierce ,/v./@刺穿;,/v./@透入;
pigeon ,/n./@鴿子;
pilfer ,/v./@偷竊;
pillar ,/n./@支柱;,/n./@柱子;
pillow ,/n./@枕頭;
pimple ,/n./@疙瘩;,/n./@丘疹;,/n./@面皰;
piracy ,/n./@盜版;,/n./@盜取;
pirate ,/n./@海盜;
pistol ,/n./@手槍;
plague ,/n./@瘟疫;,/v./@折磨;
planet ,/n./@星球;,/n./@行星;
please ,/v./@請;
pledge ,/v./@保證;,/v./@发誓;
plenty ,/adj./@大量的;
plight ,/n./@苦痛;
plunge ,/v./@猛投;,/v./@猛跌;,/v./@猛衝;
plural ,/adj./@複數的;,/n./@複數;
pocket ,/n./@口袋;
poetic ,/adj./@詩的;
poetry ,/n./@詩歌;
poison ,/n./@毒;,/v./@下毒;
police ,/n./@警察;
policy ,/n./@政策;
polish ,/v./@擦亮;,/v./@磨光;,/v./@潤色;
ponder ,/v./@考慮;
poplar ,/n./@白楊;
popper ,/n./@爆竹;,/n./@炮手;,/n./@爆玉米花機;
portal ,/n./@門戶;,/n./@入口;
possum ,/n./@負鼠;,/v./@裝傻;
postal ,/adj./@郵政的;
potato ,/n./@土豆;
potion ,/n./@飲劑;
powder ,/n./@粉末;,/n./@火藥;
praise ,/v./@贊揚;
prance ,/v./@騰躍;
preach ,/v./@佈道;
prefix ,/n./@前綴;,/v./@加前綴;
pretty ,/adv./@很;,/adj./@漂亮的;
primal ,/adj./@原始的;
primly ,/adv./@拘謹地;
prison ,/n./@監獄;
profit ,/n./@利潤;,/v./@獲利;
prompt ,/v./@敏捷的;,/v./@促進;,/v./@提示;,/adj./@准時的;
pronto ,/adj./@立卽的;
propel ,/v./@推進;,/v./@推動;
proper ,/adj./@適合的;
pseudo ,/adj./@假的;,/adj./@冒充的;,/n./@偽君子;
psyche ,/n./@靈魂;,/n./@心智;
public ,/adj./@公開的;
pummel ,/v./@擊打;
punish ,/v./@懲罰;
purify ,/v./@净化;,/v./@純化;
purple ,/adj./@紫色的;,/n./@紫色;
pursue ,/v./@追求;
putrid ,/adj./@腐臭的;,/adj./@腐爛的;
puzzle ,/v./@使困惑;,/n./@謎;
quadra ,/adj.//pref./@四的;
quartz ,/n./@石英;
quaver ,/v./@顫抖;
quench ,/v./@熄滅;
quiver ,/v./@顫抖;
quorum ,/n./@法定人數;
rabbit ,/n./@兔子;
racket ,/n./@喧鬧;
radial ,/adj./@放射的;,/adj./@輻射的;
radius ,/n./@半徑;
raffle ,/v./@抽彩售貨;
raisin ,/n./@葡萄乾;
ramble ,/v./@漫步;,/n./@漫步;
random ,/adj./@隨機的;,/adj./@任意的;
ranger ,/n./@巡邏員;
rarely ,/adj./@不經常的;
rascal ,/n./@流氓;,/n./@惡棍;,/n./@無賴;
rather ,/adv./@相當;,/adv./@寧願;,/adv./@更;
ratify ,/v./@批准;,/v./@認可;
ration ,/n./@配給;,/n./@定量;,/n./@口糧;
ravage ,/v./@毀壞;,/v./@破壞;,/n./@破壞;
really ,/adv./@眞的;,/adv./@眞實地;
realty ,/n./@房地產;,/n./@不動產;
reason ,/n./@原因;
rebate ,/n./@囘扣;,/n./@折扣;
recall ,/v./@想起;,/v./@回憶;,/v./@找回;,/v./@撤銷;
recast ,/v./@重铸;
recede ,/v./@歸還;,/v./@撤回;,/v./@后退;,/v./@减弱;
recent ,/adj./@最近的;
recess ,/n./@休庭;
recipe ,/n./@食譜;,/n./@配方;,/n./@秘訣;
recite ,/v./@背誦;,/v./@朗誦;,/v./@講述;
recoil ,/v./@畏縮;,/v./@反沖;,/v./@後座;
record ,/n.//v./@記錄;,/v./@録制;
redeem ,/vt./@兌換;,/v./@贖回;,/v./@挽回;,/v./@履行;,/v./@補償;,/v./@恢復;
reduce ,/v./@減少;
refine ,/v./@完善;
reflow ,/v./@流回;,/v./@再漲;
reform ,/v./@改革;
refuge ,/n./@庇護所;
refund ,/n./@退款;,/n./@退還;,/n./@償還;
refuse ,/v./@拒絕;
regard ,/v./@視爲;
regent ,/n./@攝政王;,/n./@統治者;
regime ,/n./@政體;,/n./@制度;
region ,/n./@地域;,/n./@範圍;
regret ,/v./@後悔;
reject ,/v./@拒絕;
relate ,/v./@相关;
relent ,/v./@變溫和;
relief ,/n./@放松;
relish ,/n./@滋味;,/n./@風味;,/n./@品味;,/n./@食慾;
reload ,/v./@重新加載;
remain ,/v./@剩余;
remark ,/v./@話語;
remedy ,/n./@治療;,/n./@補救;
remind ,/v./@回憶;,/v./@提醒;
remove ,/v./@移動;,/v./@去除;,/v./@除去;,/v./@罢免;
rename ,/n./@重命名;
render ,/vt./@使得;,/v./@給予;
repair ,/v./@修理;
repeal ,/v./@廢除;,/v./@撤銷;,/v./@廢止;,/v./@放棄;,/v./@否定;
repeat ,/v./@重復;
report ,/v./@報告;,/v./@报导;
repose ,/n.//v./@休息;
repute ,/n./@名譽;,/n./@聲望;
rescue ,/v./@營救;
resent ,/vt./@怨恨;,/v./@忿恨;
reside ,/v./@居住;,/v./@存在;
resign ,/v./@辭職;
resist ,/v./@拒絕;
resort ,/v./@求助;
result ,/n./@結果;,/n./@後果;,/n./@效果;
resume ,/v./@繼續;,/n./@摘要;
retail ,/v./@零售;
retain ,/v./@保持;
retard ,/v./@延遲;,/v./@減緩;
retina ,/n./@視網膜;
retire ,/v./@退休;
return ,/v./@返回;,/v./@歸還;
reveal ,/v./@出現;,/v./@揭露;
revere ,/v./@敬畏;,/v./@尊敬;,/v./@崇敬;
revert ,/v./@囬復;,/v./@重提;
revery ,/n./@空想;
review ,/v./@復習;,/v./@回顧;
revile ,/vt./@辱罵;
revise ,/v./@修訂;,/v./@復習;
revoke ,/vt./@撤回;,/v./@取消;,/v./@廢除;,/v./@有牌不跟;
revolt ,/n./@起義;,/v./@反抗;
reward ,/v./@獎勵;
rewind ,/v./@重繞;,/v./@倒回;
rhythm ,/n./@旋律;,/n./@節奏;
ribald ,/adj./@下流的;,/adj./@粗俗的;,/adj./@猥褻的;
ribbon ,/n./@帶;,/n./@緞帶;
riddle ,/n./@字謎;
riffle ,/n./@淺灘;,/n./@急流;,/v./@翻閲;,/v./@洗牌;
rights ,/n./@權利;
robber ,/n./@強盜;
Robert ,/n./@羅伯特;
robust ,/adj./@健壯的;,/adj./@強壯的;
rocket ,/n./@火箭;
roller ,/n./@滾筒;
roster ,/n./@花名册;,/n./@登记表;
rotary ,/adj./@旋轉的;
rotate ,/v./@旋轉;
rubber ,/n./@橡膠;,/n./@橡皮;
rubble ,/n./@碎石;,/n./@碎磚;
ruffle ,/v./@弄皺;,/v./@惹怒;,/v./@擾亂;
rumble ,/n./@隆隆聲;,/v./@隆隆響;
sacred ,/adj./@神聖的;
saddle ,/n./@馬鞍;
safari ,/n./@旅行;,/n./@狩獵;,/n./@遠征;
safety ,/n./@安全;
salary ,/n./@薪水;,/vt./@加薪;
saline ,/adj./@鹽的;,/adj./@含鹽的;,/n./@鹽水;
saliva ,/n./@唾液;
sallow ,/adj./@灰黃的;
sample ,/n./@樣品;
satire ,/n./@諷刺;,/n./@譏諷;
saturn ,/n./@農神;,/n./@土星;
saucer ,/n./@茶碟;
savage ,/adj./@野蛮的;,/adj./@残酷的;,/adj./@狂怒的;,/adj./@荒凉的;
scarce ,/adj./@缺乏的;
scathe ,/v./@損傷;,/v./@損害;,/n./@損傷;,/n./@損害;
schema ,/n./@模式;,/n./@计划;,/n./@图解;,/n./@概要;
scheme ,/n./@方案;,/n./@計劃;
school ,/n./@學校;
scorch ,/v./@燒焦;
scrape ,/v./@刮擦;
scrawl ,/v./@塗鴉;,/v./@亂塗;,/v./@亂寫;
scream ,/v./@尖叫;
screen ,/n./@屏幕;,/n./@屏;,/v./@篩選;,/v./@甄別;
scribe ,/n./@抄寫員;,/v./@寫下;,/v./@記下;,/v./@劃下;
script ,/n./@腳本;,/n./@手迹;
scroll ,/n./@捲軸;
sculpt ,/v./@雕刻;,/v./@造型;
scurry ,/v./@疾跑;,/v./@急趕;,/n./@短距賽跑;
scurvy ,/adj./@卑鄙的;,/adj./@下流的;,/n./@壞血病;
search ,/v./@搜索;,/v./@尋找;,/v./@搜查;
season ,/n./@季節;
secede ,/v./@脫離;,/v./@退出;
second ,/adj./@第二的;
secret ,/n./@秘密;
secure ,/adj./@安全的;
sedate ,/adj./@安靜的;
seduce ,/v./@誘惑;
seemly ,/adj./@適當的;
seesaw ,/n./@蹺蹺板;
seldom ,/adv./@不常;,/adv./@難得;
select ,/v./@挑選;,/v./@选择;
semper ,/adv./@永遠;
senate ,/n./@參議院;
senior ,/adj./@髙級的;
sentry ,/n./@哨兵;,/n./@崗哨;
sequel ,/n./@結局;,/n./@續篇;
serene ,/adj./@平靜的;,/adj./@清澈的;
series ,/n./@係列;
serval ,/n./@藪貓;
settle ,/v./@解決;,/v./@定居;,/v./@安排;
severe ,/adj./@嚴峻的;
sexual ,/adj./@性的;
shabby ,/adj./@破舊的;,/adj./@卑鄙的;,/adj./@吝嗇的;,/adj./@低劣的;
shadow ,/n./@影子;
shaver ,/n./@剃須刀;
sheath ,/n./@鞘;,/n./@护套;
shield ,/n./@防護;,/n./@盾;
shiver ,/v./@顫抖;
should ,/aux./@應該;
shovel ,/n./@鏟子;
shower ,/n./@淋浴;,/n./@陣雨;
shrank ,/v./@收縮;
shriek ,/v./@尖叫;
shrill ,/adj./@尖銳刺耳的;
shrimp ,/n./@蝦;
shrine ,/n./@神殿;,/n./@聖地;,/n./@神龕;
shrink ,/v./@收縮;,/v./@畏縮;,/n./@心理醫生;
shroud ,/v./@覆蓋;,/v./@遮蔽;,/n./@覆蓋物;,/n./@壽衣;,/n./@裹尸布;
signal ,/n./@信號;
signor ,/n./@先生;
silent ,/adj./@寂靜的;
silver ,/n./@銀;
simple ,/adj./@簡單的;
simply ,/adv./@簡單的;,/adv./@僅僅;
singer ,/n./@歌手;
single ,/adj./@單;
sinner ,/n./@罪犯;
sister ,/n./@姐妹;
sketch ,/n./@速寫;,/n./@素描;,/n./@草圖;
skewed ,/adj./@歪的;
skinny ,/adj./@機密的;
sledge ,/n./@雪橇;,/n./@大錘;
sleepy ,/adj./@欲睡的;,/adj./@困乏的;
sleeve ,/n./@袖子;
slight ,/adj./@稍微的;
slogan ,/n./@標語;
smooch ,/v./@接吻;,/v./@弄髒;
smooth ,/adj./@光滑的;,/adj./@順利的;
smudge ,/v./@弄髒;
snatch ,/v./@搶奪;,/v./@奪取;
sneeze ,/v./@打噴嚏;
sniper ,/n./@狙擊手;
snitch ,/v./@告密;,/v./@偷;,/n./@告密者;
snooty ,/adj./@傲慢的;,/adj./@自大的;,/adj./@目中無人的;
snooze ,/v./@小睡;,/v./@打盹;
soccer ,/n./@足球;
social ,/adj./@社會的;
socket ,/n./@插座;
soever ,/adj./@任何;
solemn ,/adj./@莊嚴的;
solute ,/n./@溶質;,/n./@溶解物;
sonnet ,/n./@十四行詩;
sooner ,/adv./@更快;
sordid ,/adj./@骯髒的;,/adj./@卑鄙的;,/adj./@暗淡的;
sorrow ,/n./@悲傷;
source ,/n./@源頭;
soviet ,/n./@蘇維埃;
sparse ,/adj./@稀疏的;,/adj./@稀少的;
specie ,/v./@硬幣;
speech ,/n./@演說;,/n./@語音;,/n./@講話;
sphere ,/n./@球體;,/n./@範圍;,/n./@領域;,/v./@包圍;
spider ,/n./@蜘蛛;
spinal ,/adj./@脊椎的;,/adj./@脊髓的;,/adj./@脊柱的;,/adj./@脊骨的;,/adj./@尖刺的;
spirit ,/n./@精神;
splash ,/v./@濺;,/v./@潑;
sponge ,/n./@海綿;
sports ,/n./@運動;
spouse ,/n./@配偶;
spread ,/v./@傳播;
spring ,/n./@春;,/n./@泉;
sprint ,/v./@衝刺;
sprite ,/n./@妖精;,/n./@精靈;
squall ,/v./@嚎啕;,/v./@尖叫;
square ,/adj./@平方的;,/adj./@方形的;,/n./@廣場;,/adj./@直角的;
squash ,/v./@鎮壓;
squawk ,/v./@抗議;,/v./@訴苦;
squeak ,/v./@告密;,/v./@吱吱叫;
squeal ,/v./@告密;,/v./@尖叫;
squint ,/v./@斜視;
squire ,/n./@鄉紳;,/n./@侍從;,/n./@地主;,/n./@地方法官;
squirm ,/vi./@蠕動;,/vi./@扭動;,/vi./@局促;,/vi./@扭捏;
squirt ,/v./@噴射;
stable ,/adj./@穩定的;
stance ,/n./@立場;,/n./@姿態;,/n./@位置;
starve ,/v./@挨餓;
static ,/adj./@靜態的;
statue ,/n./@雕像;
steady ,/adj./@平穩的;,/adj./@穩健的;
stench ,/n./@惡臭;
stereo ,/n./@立體聲;
sticky ,/adj./@棘手的;
stifle ,/v./@扼殺;,/v./@窒息;,/v./@藏匿;
stigma ,/n./@恥辱;,/n./@污名;
stocky ,/adj./@矮胖的;
stoned ,/v./@擲石頭;,/adj./@去核的;,/adj./@醉酒的;
storey ,/n./@樓層;
strain ,/v./@抑制;
streak ,/n./@條紋;,/v./@飛跑;
stream ,/n./@水流;
street ,/n./@街道;
stress ,/v./@強調;,/n./壓力;
strict ,/adj./@嚴格的;
stride ,/n./@大步;,/v./@大步走;
strike ,/v./@罷工;,/v./@襲擊;,/v./@突然想到;
string ,/n./@綫;,/n./@繩;,/n./@串;
stripe ,/n./@條紋;
strive ,/v./@努力;,/v./@力求;
stroke ,/n./@中風;,/v./@擊;,/v./@敲;,/v./@撫摸;,/n./@壁畫;,/v./@劃槳;
strong ,/adj./@強的;
studio ,/n./@工作室;
stupid ,/adj./@笨的;
sturdy ,/adj./@堅定的;
stymie ,/v./@妨礙;,/v./@阻撓;
subdue ,/v./@戰勝;,/v./@征服;
submit ,/v./@遞交;
subtle ,/adj./@微妙的;
suburb ,/n./@郊區;
subway ,/n./@地鐵;
suffer ,/v./@遭受;
suffix ,/n./@后綴;
summer ,/n./@夏;
summon ,/v./@召喚;,/v./@召集;
Sunday ,/n./@星期天;
sunder ,/v./@切開;,/v./@切斷;,/v./@分離;
superb ,/adj./@極好的;
supply ,/v./@供應;,/v./@供給;
survey ,/v./@調查;
swanky ,/adj./@炫耀的;
swathe ,/n./@帶子;,/v./@綁;
switch ,/v./@轉變;
symbol ,/n./@符號;,/n./@象徵;
syntax ,/n./@語法;,/n./@句法;
system ,/n./@係統;,/n./@體制;,/n./@制度;
tablet ,/n./@平板電腦;,/n./@药片;,/n./@碑;,/n./@写字板;
tackle ,/v./@應付;,/v./@阻截;,/n./@轆轤;
tactic ,/n./@策略;,/n./@戰略;
tailor ,/v./@縫製;,/v./@調整;,/n./@裁縫;
talent ,/n./@天賦;
tamper ,/v./@篡改;
tampon ,/n./@棉塞;,/n./@棉條;
tandem ,/n./@串联;,/n./@串座双人自行车;
tangle ,/v./@糾纏;
target ,/n./@目標;,/n./@靶子;
tariff ,/n./@关税;,/n./@收费表;,/n./@价目表;,/n./@资费表;
tattoo ,/n./@紋身;
tavern ,/n./@酒館;,/n./@客棧;
teapot ,/n./@茶壺;
temper ,/n./@脾氣;,/n./@回火;
tenant ,/n./@承租人;,/n./@房客;,/n./@居住者;
tender ,/adj./@溫柔的;
tennis ,/n./@網球;
tenure ,/n./@終身職位;,/n./@任期;
terran ,/n./@人族;,/n./@地球人;
terror ,/n./@恐怖;
tether ,/n./@拴繩;,/n./@係鏈;
thanks ,/n./@感謝;
that's ,/n.v./@那是;
theirs ,/pron./@他們的;
theory ,/n./@理論;
thesis ,/n./@論文;
thirst ,/n./@渴望;
Thomas ,/n./@托馬斯;
though ,/conj./@雖然;
thrash ,/vt./@打;,/vi./@打谷;
thread ,/n./@綫;,/v./@穿過;
threat ,/n./@恐嚇;
thrice ,/adv./@三次;,/adv./@三度;,/adv./@三倍;
thrift ,/n./@節儉;
thrill ,/v./(使)@激動;
thrive ,/v./@興旺;
throat ,/n./@喉嚨;
throne ,/n./@王座;
thrust ,/v./@推;,/v./@刺;
thwart ,/vt./@挫敗;
ticket ,/n./@票;,/n./@標籤;,/n./@單;
tiddly ,/adj./@很小的;
timber ,/n./@木材;
timing ,/n./@計時;,/n./@定時;,/n./@測時;,/n./@校時;
tissue ,/n./@組織;,/n./@紙巾;,/n./@薄紗;,/n./@棉紙;
titter ,/v./@竊笑;
toggle ,/n./@開關;,/n./@觸發器;,/n./@拴扣;,/n./@套索釘;,/v./@拴牢;,/v./@係緊;
toilet ,/n./@廁所;
tomato ,/n./@番茄;
tongue ,/n./@舌;,/n./@語言;
topple ,/v./@推倒;,/v./@顛覆;
torpor ,/n./@冷漠;
toward ,/prep./@向;
tragic ,/adj./@悲慘的;
trance ,/n./@怳惚;
travel ,/n./@旅行;
treaty ,/n./@條約;
tremor ,/n./@震動;
trendy ,/adj./@時髦的;
treson ,/n./@叛國罪;,/n./@背叛;
triage ,/n./@分類;,/v./@分類;,/v./@應急分配;
trifle ,/n./@瑣事;
triple ,/adj.//pref./@三的;
trivia ,/n./@瑣事;
tumble ,/v./@跌倒;,/v./@摔跤;,/v./@打滾;
tumult ,/n./@混乱;,/n./@骚乱;,/n./@喧闹;,/n./@喧哗;,/#syn/@turmoil;
tunnel ,/n./@隧道;
turnip ,/n./@蘿蔔;,/n./@蕪菁甘藍;,/n./@大頭菜;
turret ,/n./@炮塔;,/n./@角樓;,/n./@小塔;
turtle ,/n./@海龜;
twelve ,/n./@十二;
twenty ,/adj./@二十;
twitch ,/vi./@抽搐;
tyrant ,/n./@暴君;
undone ,/v./@解開;
unfair ,/adj./@不公平的;
unfold ,/v./@打開;,/v./@展開;
unhold ,/v./@釋放;
unique ,/adj./@獨一無二的;
unison ,/n./@和諧;
united ,/adj./@联合的;
unless ,/prep./@除非;
unload ,/v./@卸貨;
unlock ,/v./@解鎖;,/v./@開啓;
unreal ,/adj./@不眞實的;
unsung ,/adj./@未唱的;,/adj./@埋沒的;
unveil ,/v./@揭開;,/v./@揭露;
unwrap ,/v./@打開;,/v./@拆開;,/v./@解開;
update ,/v./@更新;
uphold ,/v./@維護;,/v./@支撑;,/v./@贊成;
uppity ,/adj./@傲慢的;,/adj./@自負的;,/adj./@自大的;
upward ,/adv./@向上;,/adj./@向上的;
urbane ,/adj./@文雅的;,/adj./@有禮貌的;,/adj./@都市化的;
urgent ,/adj./@緊迫的;,/adj./@緊急的;
useful ,/n.//adj./@有用的;
utmost ,/adj./@極度的;,/n./@極限;
Utopia ,/n./@烏托邦;
utopia ,/n./@烏托邦;
vacant ,/adj./@空的;,/adj./@空缺的;,/adj./@未佔用的;
vacuum ,/n./@眞空;
vagina ,/n./@陰道;
vainly ,/adv./@徒勞地;
valley ,/n./@山谷;
valour ,/n./@英勇;,/n./@勇猛;,/n./@勇武;
vandal ,/n./@破壞文化藝術者;
vanish ,/v./@消失;
vanity ,/n./@虛榮心;,/n./@空虛;,/n./@浮華;
vector ,/n./@矢量;,/n./@航线;
velvet ,/n./@天鵝絨;
vender ,/n./@商販;
vendor ,/n./@卖主;,/n./@小贩;,/n./@卖方;
veneer ,/n./@薄片;,/n./@外表;,/n./@虛飾;,/v./@膠合;,/n./@飾面;
verbal ,/adj./@(用)言辭的;
verify ,/v./@核實;,/v./@證實;
versus ,/prep./@對;,/prep./@對抗;
vertex ,/n./@頂點;
vessel ,/n./@船;,/n./@艦;,/n./@血管;,/n./@容器;
viable ,/adj./@可行的;,/adj./@可存活的;,/adj./@可生育的;
victim ,/n./@受害者;
vilify ,/v./@誹謗;,/v./@辱駡;
violet ,/n./@紫羅蘭;,/n./@紫色;,/adj./@紫色的;
violin ,/n./@小提琴;
virgin ,/n./@處女;
virtue ,/n./@美德;
vision ,/n./@想象;,/n./@景象;,/n./@視力;
visual ,/adj./@視覺的;
volume ,/n./@容量;,/n./@體積;,/n./@音量;,/n./@卷;,/v./@卷起;
vortex ,/n./@渦流;,/n./@漩渦;,/n./@中心;,/n./@旋風;
voyage ,/n./@航行;,/n./@航海;,/n./@航空;
vulgar ,/adj./@粗俗的;,/n./@平民;
waffle ,/n./@華夫;,/v./@胡扯;,/v./@閒聊;
waiter ,/n./@侍者;,/n./@服務員;
wallet ,/n./@錢包;
wasn't ,/v./@不是;
weaken ,/v./@削弱;
weapon ,/n./@武器;
wicked ,/adj./@壞的;,/adj./@不道德的;
widget ,/n./@小機械;,/n./@裝飾物;
wiggle ,/v./@擺動;,/v./@扭動;
willow ,/n./@柳樹;
window ,/n./@窗戶;
winery ,/n./@釀酒廠;
winter ,/n./@冬;
wisdom ,/n./@智慧;
wisely ,/adj./@明智的;
wither ,/v./@枯萎;
within ,/prep./@在@...中;
wizard ,/n./@巫師;
wonder ,/v./@好奇;
worker ,/n./@工人;,/n./@員工;
writer ,/n./@作者;,/n./@作家;
yatter ,/v./@閑扯;,/v./@瞎聊;
yellow ,/n./@黃色;,/adj./@黃色的;
yogurt ,/n./@酸奶;
zombie ,/n./@僵屍;,/n./@行屍走肉;