abandoned ,/adj./@被抛弃的;
abdominal ,/adj./@腹部的;
abominate ,/v./@痛恨;
absorbing ,/adj./@吸引人的;
abstinent ,/adj./@禁欲的;,/adj./@有節制的;,/adj./@飲食有度的;
absurdity ,/n./@荒谬;,/n./@荒唐;
acceptive ,/adj./@易接纳的;
accessory ,/n./@配件;,/n./@附件;,/adj./@附加的;,/adj./@附屬的;,/adj./@輔助的;,/n./@裝飾品;,/n./@從犯;
acclimate ,/v./@使適應;
accompany ,/v./@陪伴;
accordion ,/n./@手風琴;
acquiesce ,/v./@默许;,/v./@勉强同意;
addiction ,/n./@成瘾;
addictive ,/adj./@上瘾的;
adherence ,/n./@信奉;,/n./@堅持;,/n./@堅守;,/n./@固執;,/n./@依附;,/n./@遵守;,/n./@遵循;,/n./@信守;,/n./@黏附;
adjective ,/n./@形容词;
admirable ,/adj./@令人欽佩的;
adornment ,/n./@裝飾;,/n./@裝飾品;
adulthood ,/n./@成年;
adumbrate ,/v./@透露;
advantage ,/n./@优点;
adventure ,/n./@冒险;
adverbial ,/n./@狀語;,/adj./@副詞的;
adversary ,/n./@敵手;
advertise ,/v./@做广告;
aeroplane ,/n./@飛機;
aesthetic ,/adj./@美学的;,/adj./@審美的;
affidavit ,/n./@宣誓書;,/n./@口供書;
affiliate ,/v./联号;,/v./使@附属;,/v./@参加;,/n./@附属机构;,/vi./@并入;,/vi./@加入;
afternoon ,/n./@下午;
afterward ,/adv./@後來;,/adv./@之後;
aggravate ,/v./@加重;,/v./@惡化;
aggregate ,/v./@集合;
agitation ,/n./@鼓动;,/n./@搅动;,/n./@焦虑;,/n./@不安;
agreeable ,/adj./@惬意的;,/adj./@舒适的;,/adj./@易相处的;
aimlessly ,/adv./@无目的地;
albatross ,/n./@信天翁;,/n./@沉重負擔;
alchemist ,/n./@鍊金術士;,/n./@煉金師;
alcoholic ,/adj./@酒精的;
algorithm ,/n./@算法;
alignment ,/n./@對準;,/n./@準線;
alleviate ,/v./@減輕;,/v./@緩和;
alligator ,/n./@短吻鱷;
allocated ,/adj./@分配的;
allowance ,/n./@津贴;
alongside ,/prep./@在旁边;,/adv./@在旁边;
alternate ,/v./@交替;
aluminium ,/n./@鋁;
amazement ,/n./@驚奇;,/n./@詫異;
ambiguity ,/n./@歧義;,/n./@意義不明;,/n./@模稜兩可;
ambiguous ,/adj./@不確定的;,/adj./@模棱兩可的;
ambitious ,/adj./@有野心的;
ambulance ,/n./@救护车;,/n./@野戰醫院;
amorphous ,/adj./@無固定形狀的;
ampersand ,/n./@&;
amphibian ,/n./@兩棲動物;,/adj./@兩棲類的;
amplitude ,/n./@振幅;
amusement ,/n./@娱乐;,/n./@樂趣;,/n./@消遣;
analgesic ,/n./@鎮痛劑;
analogous ,/adj./@类似的;
anarchism ,/n./@無政府主義;
anarchist ,/n./@反抗權威的人;,/n./@無政府主義者;,/adj./@無政府主義的;
ancillary ,/adj./@次要的;
animation ,/n./@动画;,/n./@活力;,/n./@生機;
animosity ,/n./@敵意;,/n./@仇恨;,/n./@憎惡;
annotated ,/adj./@有註釋的;
anomalous ,/adj./@異常的;,/adj./@反常的;,/adj./@不正常的;,/adj./@不規則的;,/adj./@不普通的;
anonymous ,/adj./@匿名的;
anthology ,/n./@選集;,/n./@集粹;,/n./@精選集;
antiquate ,/adj./@废弃;,/adj./@过时;
antiquity ,/n./@古代;,/n./@古迹;,/n./@古物;,/n./@古老;
apartment ,/n./@公寓;
apathetic ,/adj./@冷漠的;
apologize ,/v./@道歉;
appalling ,/adj./@骇人的;
apparatus ,/n./@装置;,/n./@设备;
appealing ,/adj./@有吸引力的;
appendage ,/n./@附加物;,/n./@附屬物;,/n./@附屬器官;,/n./@附屬肢體;
appliance ,/n./@装置;,/n./@应用;
appraisal ,/v./@评价;
apprehend ,/v./@逮捕;
apprently ,/adv./@明显地;
arbitrary ,/adj./@专横的;,/adj./@任意的;
arbitrate ,/v./@仲裁;,/v./@公斷;
archetype ,/n./@典範;
arresting ,/adj./@吸引人的;
arrogance ,/n./@傲慢;,/n./@自大;
arthritic ,/adj./@关节炎的;,/adj./@患关节炎的;
arthritis ,/n./@关节炎;
artillery ,/n./@炮兵部隊;,/n./@炮;,/n./@大炮;,/n./@火砲;
ascendant ,/adj./@有影響力的;,/adj./@上升的;
aspersion ,/n./@誹謗;
assailant ,/n./@襲擊者;,/adj./@襲擊的;,/adj./@攻擊的;
assertion ,/n./@斷言;,/n./@聲明;,/n./@主張;,/n./@堅持;,/n./@要求;
assertive ,/adj./@自信的;
assistant ,/n./@助手;,/adj./@辅助的;
associate ,/v./@联系;
assurance ,/n./@保证;,/n./@确信;
astrology ,/n./@占星術;,/n./@占星學;
astronomy ,/n./@天文學;
attention ,/n./@注意;
attentive ,/adj./@注意的;,/adj./@留意的;
attribute ,/n./@属性;,/n./@特质;
authentic ,/adj./@真正的;,/adj./@真實的;,/adj./@可靠的;,/adj./@真實可信的;
authority ,/n./@权威;
autocracy ,/n./@獨裁;
autograph ,/v./@親筆;
automatic ,/adj./@自动的;
autonomic ,/adj./@自治的;,/adj./@自發的;
autopilot ,/redirected./@target="automatic pilot";
auxiliary ,/adj./@辅助的;,/n./@辅助者;,/n./@助动词;
available ,/adj./@可用的;
avalanche ,/n./@雪崩;,/n./@山崩;,/n./@大批;
avatarism ,/n./@化身主義;
awestruck ,/adj./@充滿敬畏的;
backplane ,/n./@底板;
backslash ,/n./@反斜杠;
backwater ,/n./@逆流水;,/n./@落後地區;,/n./@荒僻的地方;,/n./@與世隔絕的地方;
bacterium ,/n./@細菌;
balaclava ,/n./@巴拉克拉瓦盔式帽;
ballerina ,/n./@芭蕾舞女演員;
ballistic ,/adj./@彈道的;
barbarous ,/adj./@野蠻的;,/adj./@粗野的;,/adj./@殘暴的;,/adj./@未開化的;,/adj./@原始的;,/adj./@無文化的;,/adj./@粗鄙的;,/adj./@粗俗的;
barometer ,/n./@气压计;
barricade ,/n./@路障;,/n./@街壘;,/vt./@堵住;
bartender ,/n./@酒保;
beautiful ,/adj./@美丽的;
beefeater ,/n./@英國國王的衛兵;,/n./@倫敦塔的衛兵;
beginning ,/n./@開始;,/n./@開端;,/n./@起點;
behaviour ,/n./@行为;,/n./@举止;
benchmark ,/n./@基准;,/n./@标准检查程序;
betrothal ,/n./@訂婚;,/n./@婚約;
bilateral ,/adj./@兩邊的;,/adj./@雙邊的;,/adj./@左右對稱的;,/adj./@雙方的;
billboard ,/n./@广告牌;
bimonthly ,/n./@双月刊;
binocular ,/adj./@雙眼的;,/adj./@雙目的;,/adj./@雙眼用的;,/adj./@雙目鏡;,/adj./@雙筒望遠鏡;,/adj./@雙目顯微鏡;
biography ,/n./@传记;
biometric ,/adj./@生物特徵識別的;,/adj./@生物統計的;,/adj./@生物測定的;
biosphere ,/n./@生物圈;
blacklist ,/n./@黑名單;
blueprint ,/n./@藍圖;
bluetooth ,/n./@蓝牙;
bookshelf ,/n./@書架;
bootstrap ,/n./@引導程序;
botanical ,/adj./@植物學的;
boyfriend ,/n./@男朋友;
breakdown ,/n./@故障;,/n./@垮臺;,/n./@崩潰;,/n./@分析;,/n./@分解;,/n./@衰竭;
breakfast ,/n./@早餐;
briefcase ,/n./@公文包;
brillance ,/n./@明亮度;
brillancy ,/n./@明亮;,/n./@亮度;
brilliant ,/adj./@聪明的;
broadband ,/n./@宽带;
broadcast ,/n./@广播;
bumblebee ,/n./@熊蜂;,/n./@大黃蜂;
butterfly ,/n./@蝴蝶;
Cabbalism ,/redirected./@target="Kabbalism";
Cabbalist ,/redirected./@target="Kabbalist";
cafeteria ,/n./@自助餐廳;
Calabrian ,/n./@卡拉布里亞人;,/adj./@卡拉布里亞的;,/adj./@卡拉布里亞人的;
calculate ,/v./@计算;
calibrate ,/v./@矯正;
caliphate ,/n./@伊斯蘭王權;,/n./@阿拉伯帝國;
candidacy ,/n./@候選資格;,/n./@候選狀態;,/n./@候補資格;
canonical ,/adj./@權威的;,/adj./@規範的;,/adj./@標準的;,/adj./@典型的;
capillary ,/n./@毛细管;
capitulum ,/n./@章節;,/n./@篇;
Capricorn ,/n./@摩羯座;,/n./@摩羯宮;,/n./@南回歸線;
captivate ,/v./@迷住;
careerist ,/n./@野心家;,/n./@事业狂;
carefully ,/adv./@小心地;
carpenter ,/n./@木匠;
carpentry ,/n./@木匠活;
cartilage ,/n./@軟骨;
cartridge ,/n./@替芯;,/n./@替囊;,/n./@替盒;,/n./@替筒;,/n./@替匣;,/n./@彈藥筒;,/n./@彈殼;,/n./@彈膛;,/n./@子彈;,/n.//redirected./@target="ink cartridge";,/n.//redirected./@target="pen cartridge";,/n.//redirected./@target="magnetic tape cartridge";,/n.//redirected./@target="disk cartridge";,/n.//redirected./@target="record player cartridge";
cascading ,/n./@級聯;,/n./@串接;,/n./@階式滲透;
catalogue ,/n./@目錄;
Catalonia ,/n./@加泰羅尼亞;
catamaran ,/n./@雙體船;
catatonic ,/adj./@緊張性精神癥的;
causative ,/adj./@使役的;,/n./@使役動詞;,/adj./@作為原因的;
celebrate ,/v./@庆祝;
celebrity ,/n./@名人;
celestial ,/adj./@天国的;,/adj./@天空的;,/adj./@天体的;,/adj./@精妙的;
cellulose ,/n./@纖維素;
Centaurus ,/n./@半人馬座;,/n./@半人馬星座;
centurion ,/n./@百人隊隊長;
certainly ,/adv./@当然;
certainty ,/n./@必然;
challenge ,/n./@挑戰;,/v./@挑戰;,/v./@質問;
champagne ,/n./@香槟;
character ,/n./@性格;,/n./@角色;,/n./@特性;,/n./@字母;
charlatan ,/n./@吹牛者;,/n./@江湖郎中;
chauffeur ,/n./@司機;
checkmate ,/v./@將死;,/n./@挫敗;
chemistry ,/n./@化学;
chocolate ,/n./@巧克力;
chopstick ,/n./@筷子;
Christian ,/n./@基督徒;
cigarette ,/n./@香烟;
cinematic ,/adj./@電影的;,/adj./@有电影特征的;
circuitry ,/n./@电路;,/n./@电路系统;,/n./@电路装置;,/n./@电路元件;
circulate ,/v./@循环;
classical ,/adj./@經典的;,/adj./@古典的;
classmate ,/n./@同学;
claustrum ,/n./@屏狀體;
clearance ,/n./@清除;
clientele ,/n./@顾客;,/n./@客户;
clipboard ,/n./@剪切板;
clockwise ,/adj./@順時針的;,/adv./@順時針;
coagulate ,/v./@凝結;
coalition ,/n./@同盟;
cognition ,/n./@認識;,/n./@認知;
cognitive ,/adj./@认知的;,/adj./@认知能力的;,/adj./@认知过程的;,/adj./@認識的;
collation ,/n./@整理;,/n./@校對;
colleague ,/n./@同事;
collision ,/v./@冲突;,/v./@抵触;,/v./@碰撞;
collocate ,/n./@布置;
colloquia ,/redirected./@target="colloquium";
Colosseum ,/n./@羅馬圓形大競技場;
commingle ,/v./@充分混合;
commissar ,/n./@政治委员;,/n./@人民委员;
committee ,/n./@委員會;
commodity ,/n./@商品;
commotion ,/n./@騷亂;
communism ,/n./@共產主義;
communist ,/n./@共產主義者;
community ,/n./@社会;,/n./@社區;,/n./@社团;,/n./@团体;,/n./@群落;
companion ,/n./@同伴;,/n./@伴侶;,/n./@夥伴;,/n./@陪護;,/n./(成對的物件中的)@一件;,/n./@指南;,/n./@手冊;
competent ,/adj./@有能力的;
complaint ,/n./@抱怨;
compliant ,/adj./@順從的;
component ,/n./@成分;,/n./@组件;,/adj./@组成的;
composure ,/n./@鎮定;,/n./@沉著;,/n./@鎮定;
concourse ,/n./@廣場;,/n./@集合;,/n./@合流;,/n./@群眾;
condiment ,/n./@调味品;,/n./@调味汁;
condition ,/n./@条件;,/n./@情况;
conductor ,/n./@导体;,/n./@指挥;,/n./@售票员;,/n./@列车长;,/n./@向导;
confident ,/adj./@自信的;
congenial ,/adj./@意氣相投的;,/adj./@一致的;,/adj./@性格相似的;
congruent ,/adj./@一致的;,/adj./@全等的;
congruous ,/adj./@一致的;,/adj./@協調的;,/adj./@適合的;
connotate ,/v./@暗示;
conscious ,/adj./@清醒的;
conscript ,/n./@應徵士兵;,/adj./@被徵召的;,/v./@徵召;
consensus ,/n./@一致;,/n./@舆论;,/n./@合意;
consonant ,/n./@辅音;,/n./@辅音字母;
construct ,/v./@建筑;
consulate ,/n./@領事館;
contender ,/n./@竞争者;,/n./@争夺者;
contented ,/adj./@满足的;
continent ,/n./@大陸;,/adj./@節制的;
continual ,/adj./@不间断的;,/adj./@连续的;
continuum ,/n./@連續體;,/n./@漸變體;
conundrum ,/n./@难题;,/n./@谜语;,/n./@字谜;
convivial ,/adj./@欢乐的;,/adj./@欢宴的;
copyright ,/n./@版权;
corporate ,/n./@法人的;
corporeal ,/adj./@物质的;
correlate ,/v./@关联;
corrosive ,/adj./@腐蝕的;,/adj./@腐蝕性的;,/n./@腐蝕物;,/n./@腐蝕劑;
cosmology ,/n./@宇宙学;
courteous ,/adj./@有禮貌的;
craftsman ,/n./@工匠;,/n./@技工;,/n./@工藝師;
credulous ,/adj./@輕信的;
criterion ,/n./@标准;
criticize ,/v./@批评;
crocodile ,/n./@鳄鱼;
crossfire ,/n./@交叉火力;,/n./@激烈交锋;
crossover ,/n./@交叉;,/n./@交叉點;,/n./@穿越;
crossword ,/n./@纵横字谜;
cruciform ,/adj./@十字形的;
cryogenic ,/adj./@低溫學的;,/adj./@深凍冷藏的;
culminate ,/vi./@告终;,/vi./@達到高潮;,/vi./@達到頂點;
cultivate ,/v./@培养;
cuneiform ,/n./@楔形文字;,/adj./@楔形文字的;
curiosity ,/n./@好奇心;,/n./@好奇;
currently ,/adv./@目前;
curricula ,/n./@課程;
curvature ,/n./@彎曲;,/n./@曲率;,/n./@弯曲度;
customary ,/adj./@習慣的;,/adj./@通常的;,/adj./@慣常的;,/adj./@合乎習俗的;
customise ,/v./@定制;,/v./@个性化;
customize ,/v./@定制;
cyclotron ,/n./@迴旋加速器;
dangerous ,/adj./@危险的;
dashboard ,/n./@儀錶盤;
decadence ,/n./@堕落;
decathlon ,/n./@十項運動;,/n./@十項全能;
deceptive ,/adj./@欺骗性的;
declining ,/adj./@下降的;
decompose ,/v./@分解;,/v./使@腐烂;
decrement ,/n./@減少;,/n./@減缩;
dedicated ,/adj./@專用的;,/adj./@專注的;,/adj./@獻身的;
deduction ,/n./@推断;,/n./@推演;,/n./@演绎;,/n./@扣除;,/n./@扣减;
defection ,/n./@脱离;
defendant ,/n./@被告;
defensive ,/adj./@自衛的;,/adj./@防御的;
defiantly ,/adv./@違抗地;,/adv./@對抗地;,/adv./@反抗地;,/adv./@挑戰地;
deficient ,/adj./@不足的;,/adj./@有缺陷的;
deflation ,/n./@紧缩;
dejection ,/n./@沮喪;,/n./@糞便;
delicious ,/adj./@美味的;
delimiter ,/n./@定界符;,/n./@分隔符;
delirious ,/adj./@瘋狂的;,/adj./@精神錯亂的;
demanding ,/adj./@要求严苛的;
demeanour ,/n./@舉止;,/n./@風度;,/n./@舉動;,/n./@行為;
democracy ,/n./@民主;,/n./@民主主义;
denigrate ,/vt./@詆毀;,/vt./@毀謗;,/vt./@貶低;,/vt./@玷辱;
deodorant ,/adj./@除臭的;,/n./@除臭劑;
departure ,/n./@离开;,/n./@出发;,/n./@违背;
dependent ,/n./@依赖性的;
depiction ,/n./@描寫;,/n./@描繪;,/n./@描述;,/n./@描畫;,/n./@敘述;
depravity ,/n./@堕落;
deprecate ,/v./@反对;,/v./@抨击;
desertion ,/n./@遺棄;,/n./@離棄;,/n./@逃亡;,/n./@逃跑;
designate ,/v./@制定;
desperate ,/adj./@绝望的;
destroyed ,/adj./@被毁的;
detection ,/n./@發現;,/n./@偵察;
detective ,/n./@侦探;
determine ,/v./@下决心;,/v./@确定;
deterrent ,/adj./@威慑的;,/n./@威慑;
detonator ,/n./@雷管;,/n./@炸藥;,/n./@導火索;
devastate ,/v./@毀滅;,/v./@毀壞;
developer ,/n./@开发者;
dexterity ,/n./@灵巧;,/n./@机敏;,/n./@敏捷;
diagnosis ,/n./@診斷;
diagramma ,/n./@图解;
diaphragm ,/n./@快門;,/n./@光圈;,/n./@膈膜;,/n./@橫膈膜;
dichotomy ,/n./@二分;,/n./@二分法;,/n./@分裂;,/n./@双歧;
dictation ,/n./@口授;,/n./@聽寫;
different ,/adj./@不同的;
difficult ,/adj./@困难的;
digestion ,/n./@消化;,/n./@领悟;
dignified ,/adj./@尊贵的;,/adj./@庄重的;
dignitary ,/n./@要人;,/n./@顯貴;
diligence ,/n./@勤奮;,/n./@勤勉;
dimension ,/n./@维度;,/n./@次元;
diphthong ,/n./@雙元音;,/n./@二合元音;
diplomacy ,/n./@外交;
direction ,/n./@方向;
directive ,/n./@命令;,/n./@指令;
directory ,/n./@目錄;,/n./@地址錄;
disappear ,/v./@消失;
discharge ,/v./@解除;,/v./@釋放;
discopter ,/n./@飛碟;
discourse ,/n./@談話;,/n./@演講;,/n./@論文;,/n./@交談;,/vi./@論述;,/vi./@講述;
discovery ,/n./@发现;
disengage ,/v./@解除;,/v./@脫離;
dishonest ,/adj./@不诚实的;
dismantle ,/v./@拆除;,/v./@解散;,/v./@取消;
dismissal ,/n./@解雇;
disorient ,/vt./@使失去方向;,/vt./@使迷惘;
disparage ,/vt./@貶低;,/vt./@毀謗;
disparity ,/n./@不同;,/n./@懸殊;
dispersal ,/n./@分散;,/n./@传播;,/n./@散布;,/n./@疏散;,/n./@消失;
disregard ,/v./@忽视;,/v./@不尊重;
dissenter ,/n./@反对者;,/n./@异议者;
dissident ,/n./@持不同政见者;
dissipate ,/v./@耗费;,/v./@驱散;,/v./@浪费;,/v./@消耗;,/vt./@消除;
distingue ,/adj./@高尚的;
divergent ,/adj./@有分歧的;,/adj./@不同的;
diversion ,/n./@转移;,/n./@消遣;
diversity ,/n./@多样化;,/n./@多元;
dominance ,/n./@支配;,/n./@統治;,/n./@優勢;
dormitory ,/n./@宿舍;
dosimeter ,/n./@放射量測定器;,/n./@劑量計;
dragonfly ,/n./@蜻蜓;
duplicate ,/v./@复制;
dysentery ,/n./@痢疾;
dystopian ,/adj./@反面烏托邦的;,/adj./@反烏托邦的;,/adj./@反烏托邦式的;
earnestly ,/adv./@认真地;
eccentric ,/adj./@古怪的;,/adj./@不正圓的;,/adj./@偏心的;,/adj./@不同圓心的;,/n./@古怪的人;,/n./@偏心圓;,/n./@偏心輪;
economist ,/n./@经济学家;
edematous ,/adj./@浮腫的;,/adj./@水腫的;
editorial ,/n./@社論;,/adj./@编辑的;
education ,/n./@教育;
effective ,/adj./@有效的;
efficient ,/adj./@效率高的;
ejaculate ,/v./@射精;
elaborate ,/v./@闡述;,/adj./@詳盡的;,/adj./@精心制作的;,/adj./@精密的;,/adj./@精细的;,/adj./@複雜的;
electrode ,/n./@電極;
elemental ,/adj./@自然力的;,/adj./@基本的;,/adj./@原始的;,/adj./@強大的;,/adj./@元素的;
elevation ,/n./@海拔;,/n./@提高;,/n./@崇高;
eliminate ,/v./@消除;,/v./@排除;
elsewhere ,/adv./@在别处;
elucidate ,/v./@闡明;
emanation ,/n./@散发;,/n./@喷发;,/n./@表現;,/n./@顯示;
embarrass ,/v./使@尴尬;
embellish ,/vt./@美化;,/vt./@裝飾;,/vt./@潤色;
embroider ,/v./@刺綉;,/v./@裝飾;,/v./@鑲邊;,/vi./@綉花;
emergence ,/n./@出现;,/n./@現身;,/n./@顯露;,/n./@嶄露頭角;,/n./@形成;,/n./@浮現;,/n./@脫繭;,/n./@羽化;
emergency ,/n./@紧急情况;
emphasize ,/v./@強調;,/v./@著重;
empirical ,/adj./@經驗的;,/adj./@實證的;
empitical ,/adj./@经验主义的;
enclosure ,/n./@圈地;,/n./@圍場;,/n./@圈圍;,/n./@圍住;,/n./@圍欄;,/n./@圍牆;,/n./@附件;
encounter ,/v./@遇到;
encourage ,/v./@鼓励;
endeavour ,/v./@努力;
endurance ,/n./@忍耐力;
energetic ,/adj./@充满活力的;,/adj./@精力旺盛的;,/adj./@精力充沛的;,/adj./@精神飽滿的;
enigmatic ,/adj./@神秘的;,/adj./@费解的;
enlighten ,/v./@启发;,/v./@启蒙;
enrapture ,/v./@使狂喜;,/v./@使著迷;
ensurance ,/n./@保障;
entertain ,/v./使@娱乐;
entourage ,/n./@随从;
enumerate ,/v./@列舉;,/v./@枚舉;
enunciate ,/v./@明確表達;
eparchial ,/adj./@主教管區的;
ephemeral ,/adj./@短暫的;,/adj./@朝生暮死的;
epidermis ,/n./@表皮;,/n./@外皮;
equipment ,/n./@裝備;,/n./@設備;,/n./@器材;,/n./@裝置;
eradicate ,/v./@根除;
ergonomic ,/adj./@人體工學的;,/adj./@工效學的;,/adj./@人類工程學的;
erroneous ,/adj./@错误的;
escalator ,/n./@電動扶梯;
esoterica ,/n./@秘传的事物;,/n./@黄色书刊;
espionage ,/n./@間諜;,/n./@間諜活動;
essential ,/adj./@重要的;
establish ,/v./@建立;,/v./@确立;
ethnicity ,/n./@種族特點;,/n./@種族背景;,/n./@種族淵源;
etiquette ,/n./@禮節;,/n./@礼仪;,/n./@规矩;
etymology ,/n./@词源;,/n./@词源学;
Eucharist ,/n./@聖餐;,/n./@聖體;
euthanize ,/vt./@安乐死;
evaporate ,/v./@蒸發;,/v./@脫水;,/v./@消失;
evolution ,/n./@進化;,/n./@發展;
Excalibur ,/n./@神劍;,/n./@聖劍;
excavator ,/n./@挖掘机;,/n./@发掘者;
exceeding ,/adj./@极其;
excellent ,/adj./@卓越的;,/adj./@极好的;
exception ,/n./@例外;
excessive ,/adj./@過度的;,/adj./@過多的;,/adj./@過分的;,/adj./@極度的;
exclusive ,/adj./@独有的;
excretory ,/adj./@排泄的;,/adj./@分泌的;
exculpate ,/v./@開脫罪責;
excursion ,/n./@遠足;
execution ,/n./@執行;,/n./@處決;
executive ,/adj./@行政的;,/n./@经理;
exemplary ,/adj./@典范的;
exemplify ,/v./@举例;
exemption ,/n./@免除;,/n./@豁免;
existence ,/n./@存在;
exonerate ,/v./@昭雪;,/v./@解除;
expansion ,/n./@扩张;,/n./@膨胀;,/n./@阐述;
expansive ,/adj./@广阔的;
expectant ,/adj./@期待的;,/adj./@懷孕的;
expection ,/n./@预期;
expedient ,/adj./@权宜的;,/adj./@便捷的;,/adj./@方便的;
expensive ,/adj./@昂贵的;
explosion ,/n./@爆炸;
explosive ,/adj./@易爆的;
expressly ,/adv./@清楚地;,/adv./@明顯的;
exquisite ,/adj./@精緻的;,/adj./@精美的;,/adj./@劇烈的;,/adj./@極度的;,/adj./@強烈的;,/adj./@敏銳的;,/adj./@有高度鑑賞力的;
extension ,/v./@伸展;,/v./@延长;
extensive ,/adj./@广阔的;,/adj./@廣泛的;,/adj./@廣大的;
extrovert ,/n./@外向;
exuberant ,/adj./@充满活力的;
fabricate ,/v./@製作;,/v./@捏造;
fanciness ,/n./@空想;,/n./@花哨;
fantastic ,/adj./@奇异的;,/adj./@幻想的;,/adj./@极好的;
fascinate ,/v./@吸引;
ferocious ,/adj./@兇猛的;,/adj./@猛烈的;,/adj./@殘忍的;
feudalism ,/n./@封建主義;
financial ,/adj./@经济的;
firstname ,/n./@名;
fisherman ,/n./@漁夫;,/n./@漁民;
flashback ,/n./@闪回;,/n./@倒叙;
flattened ,/adj./@沒精打采的;
flippancy ,/n./@轻率;,/n./@轻率无礼;
fluctuate ,/v./@波動;,/v./@起伏;
following ,/adj./@下列的;
footprint ,/n./@足迹;,/n./@脚印;,/n./@印记;
forbidden ,/adj./@被禁止的;
foreclose ,/v./@沒收;,/v./@阻止;,/v./@排除;
formality ,/n./@礼节;
formation ,/n./@形成;,/n./@構造;
fortitude ,/n./@剛毅;,/n./@堅毅;,/n./@不屈不撓;,/n./@堅忍;
fortunate ,/adj./@幸運的;
framework ,/n./@框架;,/n./@体系;
franchise ,/n./@特權;,/n./@公民權;,/n./@經銷權;
fraternal ,/adj./@兄弟般的;,/adj./@兄弟的;
freelance ,/n./@自由作家;,/n./@自由记者;
freighter ,/n./@貨輪;,/n./@運輸機;,/n./@承運人;,/n./@發貨人;
frequency ,/n./@频率;
fricative ,/adj./@摩擦的;,/n./@摩擦音;,/adj./@摩擦音的;
frivolous ,/adj./@輕浮的;,/adj./@輕佻的;,/adj./@無聊的;,/adj./@瑣碎的;
frostbite ,/n./@凍傷;,/n./@凍瘡;
fruitless ,/adj./@徒劳的;
frustrate ,/v./@打击;,/v./使@沮丧;,/v./使@受挫;
fundament ,/n./@基礎;,/n./@臀部;,/n./@肛門;
galvanize ,/v./@刺激;
garrulous ,/adj./@嘮叨的;,/adj./@喋喋不休的;
gazillion ,/n./@龐大的數字;,/n./@億萬;
generally ,/adj./@通常的;,/adj./@一般的;
gentleman ,/n./@绅士;
geography ,/n./@地理學;,/n./@地形;,/n./@地勢;
geometric ,/adj./@幾何的;,/adj./@幾何學的;,/adj./@幾何圖案的;,/adj./@幾何級數的;,/adj./@幾何級的;
gibberish ,/n./@胡言亂語;
ginormous ,/redirected./@target="enormous";
gladiator ,/n./@格鬥者;,/n./@角斗士;
gratitude ,/n./@感激;,/n./@感谢;
grievance ,/n./@不滿;,/n./@不平;,/n./@委屈;,/n./@冤情;
grotesque ,/n./@怪異風格;,/n./@怪誕圖樣;,/adj./@奇形怪狀的;,/adj./@怪誕的;,/adj./@古怪的;,/adj./@怪異風格的;
guarantee ,/v./@保证;
guesswork ,/n./@猜測;,/n./@猜測的結果;
guideline ,/n./@指導方針;
gymnasium ,/n./@體育館;,/n./@健身房;,/n./@體操學校;
gymnastic ,/adj./@體操的;,/adj./@體育的;
gyroscope ,/n./@迴轉儀;,/n./@陀螺儀;
halloween ,/n./@諸聖日;
hamburger ,/n./@汉堡包;
handiwork ,/n./@手工藝;,/n./@手工製品;,/n./@所作所为;,/n./@行為後果;
hashtable ,/n./@哈希表;,/n./@散列表;
hazardous ,/adj./@冒险的;,/adj./@有危险的;
heartfelt ,/adj./@衷心的;
Hellenism ,/n./@希臘文化;,/n./@希臘精神;,/n./@希臘風格;
Hellenist ,/n./@希臘文化研究者;,/n./@用希臘語的人;,/n./@接受希臘文化的人;,/n./@希臘語研究者;
Hellenize ,/vt./@希臘化;
heterodox ,/adj./@異端的;
hibernate ,/vi./@冬眠;
highlight ,/n./@高亮;,/n./@强调;
hilarious ,/adj./@歡鬧的;,/adj./@滑稽的;
hindrance ,/n./@障礙;,/n./@妨礙;,/n./@妨害;,/n./@障礙物;,/n./@阻礙物;
hindsight ,/n./@事後聰明;,/n./@事後的認識;,/n./@後見之明;
histogram ,/n./@直方图;,/n./@柱形图;
homefront ,/n./@國土防線;
homegrown ,/adj./@本土的;,/adj./@國產的;,/adj./@自家種植的;
homemaker ,/n./@主妇;
homologue ,/n./@同系物;
honeycomb ,/n./@蜂巢;
hostility ,/n./@敵意;,/n./@敵對;
hubristic ,/adj./@傲慢的;,/adj./@自大的;,/adj./@自恃的;
humiliate ,/v./@羞辱;
hurricane ,/n./@颶風;
hydraulic ,/adj./@水力的;,/adj./@液压的;
hyperbola ,/n./@雙曲線;
hyperreal ,/adj./@超現實的;
hypnotize ,/v./@吸引;
hypocrisy ,/n./@虛僞;,/n./@僞善;
hypomania ,/n./@輕度躁狂;
hypomanic ,/adj./@輕度躁狂的;
identical ,/adj./@相同的;
illegible ,/adj./@無法辨認的;
illogical ,/adj./@不合邏輯的;,/adj./@不合理的;
imaginary ,/adj./@想象的;
imitation ,/n./@模仿;
immediate ,/adj./@立即的;
immersing ,/adj./@吸引人的;
immigrant ,/n./@移民;
immigrate ,/v./@移民;
impartial ,/adj./@公正的;
impatient ,/adj./@不耐烦的;
impedient ,/n./@口吃;,/n./@障碍;,/n./@阻碍;,/n./@妨碍;
impending ,/adj./@即将到来的;,/adj./@临近的;
implement ,/v./实现;,/v./@实施;,/n./@工具;,/n./@手段;
implicate ,/v./@涉及;
important ,/adj./@重要的;
impotence ,/n./@陽痿;,/n./@無能;,/n./@無效;,/n./@虛弱;,/n./@衰弱;
improvise ,/v./@隨機應變;,/v./@即興創作;
inability ,/n./@無能;
incapable ,/adj./@不能的;,/adj./@不會的;
incarnate ,/adj./@化身的;,/adj./@人體化的;,/adj./@具體化的;,/vt./@具體化;
incentive ,/n./@刺激;,/adj./@刺激性的;
inception ,/n./@開始;
incessant ,/adj./@持續不斷的;,/adj./@連續的;
inclusion ,/n./@包含;
inclusive ,/adj./@包容的;,/adj./@包括的;,/adj./@包含的;
incorrect ,/adj./@不正确的;
increment ,/n./@增值;
incubator ,/n./@孵育器;
inculcate ,/v./@灌输;,/v./@塑造;
incumbent ,/adj./@現任的;,/n./@在職者;
incursion ,/n./@入侵;,/n./@侵入;,/n./@侵略;,/n./@侵占;
indelible ,/adj./@不可磨滅的;,/adj./@不可消除的;,/adj./@難忘的;
indemnity ,/n./@保險補償;,/n./@保障;,/n./@保險;,/n./@補償;,/n./@賠償;,/n./@免罰;,/n./@免罪;,/n./@賠款;
indignant ,/adj./@愤慨的;
indulgent ,/adj./@放纵的;,/adj./@宽容的;,/adj./@任性的;
ineffable ,/adj./@無法形容的;,/adj./@難以描述的;,/adj./@不可言說的;,/adj./@難以形容的;,/adj./@不可言喻的;,/adj./@難以表達的;,/adj./@說不出的;
infection ,/n./@感染;,/n./@传染;
inflation ,/n./@膨胀;
influence ,/n./@影响;
informant ,/n./@提供消息的人;,/n./@资料提供者;
infuriate ,/v./@激怒;
ingenious ,/adj./@巧妙的;,/adj./@灵巧的;
ingenuity ,/n./@精巧;,/n./@獨創性;,/n./@心靈手巧;
ingrained ,/adj./@根深蒂固的;,/adj./@深入人心的;
inorganic ,/adj./@無機的;,/adj./@無組織的;,/adj./@無生物的;
insertion ,/n./@插入;
insomniac ,/n./@不眠症患者;,/adj./@失眠的;,/n./@失眠患者;
instigate ,/v./@唆使;,/v./@煽动;,/v./@怂恿;,/vt./@提起;,/vt./@发起;
institute ,/n./@学会;,/n./@协会;,/v./@制定;,/v./@創立;
insurance ,/n./@保险;
insurgent ,/adj./@叛亂的;,/n./@叛亂者;
integrate ,/v./@整合;
intellect ,/n./@智慧;
intensify ,/vt./@加強;,/vt./@增強;,/vt./@強化;
intensity ,/n./@强度;
intensive ,/adj./@密集的;,/adj./@集中的;
intention ,/n./@意图;,/n./@目的;
intercept ,/v./@阻攔;,/v./@攔截;
interface ,/n./@界面;
interfere ,/v./@干涉;,/v./@妨碍;,/v./@冲突;
interject ,/v./@突然插入;,/v./@插嘴;
interpose ,/v./@插話;,/v./@打斷;
interpret ,/v./@解释;,/v./@口译;
interrupt ,/v./@打断;
intersect ,/v./@相交;,/v./@交叉;,/v./@横断;
intervene ,/v./@介入;,/v./@干涉;,/v./@調停;
interview ,/v./@面试;,/v./@采访;
intestine ,/n./@肠;
intricate ,/adj./@复杂的;,/adj./@錯綜複雜的;,/adj./@複雜精細的;
intrinsic ,/adj./@本质的;,/adj./@固有的;,/adj./@本身的;,/adj./@內在的;
introduce ,/v./@介紹;,/v./@引進;,/v./@采用;
intuition ,/n./@直觉;
intuitive ,/adj./@直觉的;
invention ,/n./@发明;,/n./@创造;
inventory ,/n./@存货;,/n./@清单;,/n./@存貨清單;
Inverness ,/n./@印威內斯;,/n./@因弗內斯;
inversion ,/n./@倒置;,/n./@倒轉;,/n./@颠倒;,/n./@反向;
invisible ,/adj./@不可见的;
irregular ,/adj./@不規則的;
isolation ,/n./@孤立;,/n./@隔離;
iteration ,/n./@迭代;,/n./@反復;,/n./@重複;
itinerary ,/n./@旅程;
jellyfish ,/n./@水母;
judgement ,/n./@判決;,/n./@意見;,/n./@判斷;
judicious ,/adj./@明智的;
Kabbalism ,/n./@卡巴拉主義;,/n./@卡巴拉學;,/n./@猶太教神秘主義;,/n./@犹太教神秘释经学;
Kabbalist ,/n./@卡巴拉主義者;,/n./@卡巴拉學信徒;,/n./@卡巴拉人士;
katabatic ,/adj./@下降的;,/adj./@下吹的;
kazillion ,/redirected./@target="gazillion";
kilderkin ,/n./@基德爾欽;,/n./@小桶;,/n./@十六加侖的量;,/n./@十八加侖的量;,/n./@1/2桶的量;
kinematic ,/adj./@运动学的;
knowledge ,/n./@知识;
laborious ,/adj./@費力的;,/adj./@艰巨的;,/adj./@吃力的;
labyrinth ,/n./@迷宫;
landscape ,/n./@风景;,/n./@风景画;,/n./@地形;
Laurentia ,/n./@勞倫大陸;
lawnmower ,/n./@割草機;
legendary ,/adj./@傳說的;,/adj./@傳奇的;
leitmotif ,/n./@主題;,/n./@主旨;,/n./@主旋律;,/n./@基調;
lethargic ,/adj./@瞌睡的;,/adj./@昏昏欲睡的;,/adj./@倦怠的;,/adj./@無精打采的;,/adj./@嗜睡的;
leukaemia ,/n./@白血病;
liability ,/n./@責任;
lifestyle ,/n./@生活方式;
lightning ,/n./@閃電;
limitless ,/adj./@无限度的;
liquidate ,/v./@清算;,/v./@清償;,/v./@償付;
literally ,/adj./@确实的;
loincloth ,/n./@腰布;
longevity ,/n./@長壽;
longitude ,/n./@经度;
lubricant ,/n./@潤滑劑;,/adj./@潤滑的;
lubricate ,/v./@潤滑;
lucrative ,/adj./@賺錢的;,/adj./@有利可圖的;
luxurious ,/adj./@豪華的;,/adj./@奢侈的;,/adj./@非常舒適的;
Macedonia ,/n./@馬其頓;
machinery ,/n./@机械;
magnesium ,/n./@鎂;
magnetize ,/vt./@磁化;,/vt./@吸引;
magnitude ,/n./@宏大;,/n./@重要;,/n./@量級;,/n./@大小;,/n./@震級;
makeshift ,/adj./@临时替代的;,/adj./@臨時代用的;,/adj./@臨時用的;,/adj./@權宜的;
malicious ,/adj./@惡意的;
Mancunian ,/n./@曼徹斯特人;,/n./@曼徹斯特方言;,/adj./@曼徹斯特的;,/adj./@曼徹斯特人的;
manifesto ,/n./@宣言;
mannequin ,/n./@人体模型;
manoeuvre ,/n./@机动动作;,/n./@策略;,/vt./@熟练地移动;,/vt./@操纵;,/vt./@施展策略;,/n./@演习;
margarine ,/n./@人造黃油;,/n./@人造奶油;
marijuana ,/n./@大麻;
marvelous ,/adj./@了不起的;,/adj./@非凡的;,/adj./@令人惊异的;,/adj./@不平常的;
masculine ,/adj./@男性的;,/adj./@陽性的;,/adj./@男子氣概的;,/n./@男性;,/n./@陽性;
maternity ,/n./@母性;,/n./@母亲身份;,/n./@母愛;,/n./@產科病房;,/adj./@產婦的;,/adj./@產科的;
matriarch ,/n./@女统治者;,/n./@女家长;
matricide ,/n./@弑母;
matrimony ,/n./@結婚;,/n./@婚禮;,/n./@婚姻;
mausoleum ,/n./@陵墓;
meanwhile ,/adv./@同时;
mechanics ,/n./@力学;,/n./@机械学;
mechanism ,/n./@机制;
melodrama ,/n./@情節劇;,/n./@戏剧性事件;,/n./@傳奇劇;
menstrual ,/adj./@月经的;
mesmerize ,/v./@吸引;,/vt./@迷惑;,/vt./@迷住;,/vt./@催眠;
messianic ,/adj./@彌賽亞的;,/adj./@救世主的;,/adj./@信奉救世主的;
metabolic ,/adj./@变化的;,/adj./@新陈代谢的;
meteorite ,/n./@隕石;
methodism ,/n./@衛理宗教義;,/n./@循道宗教義;
methodist ,/n./@衛理公會教徒;,/n./@循道宗教徒;
metrology ,/n./@度量衡學;,/n./@計量學;
microcosm ,/n./@縮影;,/n./@微觀世界;,/n./@小宇宙;,/n./@微縮宇宙;
microwave ,/n./@微波;
migratory ,/adj./@遷徙的;,/adj./@遷移的;,/adj./@遷居的;,/adj./@洄游的;,/adj./@遊走性的;
millennia ,/redirected./@target="millennium";
millipede ,/n./@千足虫;,/n./@马陆;
miniature ,/n./@微缩模型;,/adj./@小型的;,/adj./@微型的;,/n./@小型物;
miserable ,/adj./@痛苦的;
molecular ,/adj./@分子的;
momentous ,/adj./@重要的;
monastery ,/n./@修道院;,/n./@寺院;
monologue ,/n./@獨白;
monstrous ,/adj./@可怕的;,/adj./@極惡的;
moustache ,/n./@胡子;,/n./@胡须;
mysticism ,/n./@神祕主義;,/n./@玄想;,/n./@通靈;
mythology ,/n./@神話;,/n./@神話學;,/n./@神話集;
necessary ,/adj./@必要的;
nefarious ,/adj./@邪惡的;,/adj./@惡毒的;
negotiate ,/v./@协商;
neurology ,/n./@神經學;,/n./@神經病學;
newsstand ,/n./@報攤;,/n./@雜誌攤;
nightmare ,/n./@梦魇;,/n./@噩夢;,/n./@惡夢;
normalize ,/v./@正常化;
nostalgic ,/adj./@懷舊的;
notoriety ,/n./@惡名;,/n./@聲名狼藉;
notorious ,/adj./@聲名狼藉的;,/adj./@臭名昭著的;,/adj./@惡名昭彰的;
nutrition ,/n./@營養;
obedience ,/n./@服从;,/n./@順從;
objection ,/n./@反对;
objective ,/adj./@客观的;
oblivious ,/adj./@健忘的;,/adj./@忘卻的;,/adj./@不知曉的;,/adj./@未察覺的;
obnoxious ,/adj./@可憎的;
obscurity ,/n./@晦涩;,/n./@默默无闻;,/n./@難解;,/n./@隱匿;,/n./@卑微;
obsession ,/n./@迷戀;,/n./@沉迷;,/n./@癡迷;
obstinacy ,/n./@固執;
obstinate ,/adj./@頑固的;,/adj./@固執的;
occultism ,/n./@神祕主義;,/n./@神祕論;,/n./@神祕學;
occultist ,/n./@神祕主義者;,/n./@神祕論者;
occurrent ,/adj./@正在發生的;
octagonal ,/adj./@八角形的;,/adj./@八边形的;
offensive ,/adj./@冒犯的;
olfactory ,/n./@嗅觉;,/adj./@嗅觉的;,/n./@鼻;
onslaught ,/n./@攻擊;,/n./@襲擊;
operation ,/n./@操作;,/n./@手术;,/n./@经营;
opportune ,/adj./@及時的;,/adj./@湊巧的;
orchestra ,/n./@管弦樂隊;,/n./@交響樂;
originate ,/v./@创始;,/vt./@發明;,/vt./@引發;,/vt./@創作;
orphanage ,/n./@孤兒院;
oscillate ,/v./@震盪;,/v./@擺動;,/v./@振盪;,/v./@搖擺;
ostracise ,/redirected./@target="ostracize";
ostracize ,/v./@排斥;,/v./@排擠;,/v./@孤立;,/vt./@放逐;
otherwise ,/conj.//adv./@否則;,/adv./@另外;,/adj./@另外的;
outermost ,/adj./@最外的;
outskirts ,/n./@市郊;,/n./@边缘;,/n./@郊区;
oversight ,/n./@监督;,/n./@照管;,/n./@疏忽;
overthrew ,/v./@推翻;
overwatch ,/n./@掩護;,/vt./@掩護;,/n./@保護;,/n./@監視;,/n./@照顧;
overwhelm ,/v./@征服;
overwrite ,/v./@覆盖;
ownership ,/n./@所有权;
palanquin ,/n./@轎子;,/n./@肩輿;
palatable ,/adj./@美味的;,/adj./@可口的;
panoramic ,/adj./@全景的;,/adj./@概括的;
pansexual ,/adj./@泛性的;
pantomime ,/n./@啞劇;,/n./@圣诞童话剧;
parabolic ,/adj./@抛物线的;
parachute ,/n./@降落傘;
paragraph ,/n./@段落;,/n./@節;
paramedic ,/n./@醫務護理人員;,/n./@醫務輔助人員;
parameter ,/n./@參數;,/n./@參量;
paramount ,/adj./@首要的;,/adj./@至高無上的;
parasitic ,/redirected./@target="parasitical";
parchment ,/n./@羊皮紙;
parochial ,/adj./@教區的;,/adj./@狹小的;,/adj./@地方範圍的;
partially ,/adv./@部分地;
partition ,/n./@分隔;,/n./@划分;,/n./@隔开;
partitive ,/adj./@表示部分的;,/n./@表示部分的句法結構;
passenger ,/n./@旅客;
passer-by ,/n./@过路人;
pathology ,/n./@病理学;,/n./@病理;
patriarch ,/n./@族长;,/n./@元老;,/n./@大主教;
patricide ,/n./@杀父;
patronage ,/n./@贊助;,/n./@資助;,/n./@保護人身份;
patronize ,/v./@保護;
pedagogic ,/adj./@教师的;,/adj./@教育学的;
pedometer ,/n./@計步器;
pedophile ,/redirected./@target="paedophile";
penetrate ,/v./@渗透;,/v./@穿透;,/v./@貫穿;
peninsula ,/n./@半島;
pentagram ,/n./@五角星;,/n./@五角星形;
perimeter ,/n./@周長;,/n./@周界;
periphery ,/n./@圓周;,/n./@周圍;,/n./@外围;,/n./@次要位置;,/n./@次要部分;,/n./@體表;,/n./@末梢;
permanent ,/adj./@持久的;,/adj./@永恒的;
perpetual ,/adj./@无休止的;
persecute ,/v./@迫害;
personage ,/n./@名人;,/n./@大人物;,/n./@要人;,/n./@人物;,/n./@角色;
pertinent ,/adj./@適當的;
pervasive ,/adj./@普遍的;,/adj./@流行的;
pessimism ,/n./@悲观;
petroleum ,/n./@石油;
petulance ,/n./@易怒;,/n./@暴躁;
pharaonic ,/adj./@法老的;,/adj./@法老時代的;
pheromone ,/n./@信息素;
Phoenicia ,/n./@腓尼基;
phonetics ,/n./@語音學;
phonology ,/n./@音系學;,/n./@音系;,/n./@語音體系;
physician ,/n./@内科醫生;
phytology ,/n./@植物学;
pictorial ,/adj./@繪畫的;,/adj./@形象化的;,/adj./@有插圖的;,/adj./@畫的;,/n./@畫報;,/n./@畫刊;
pilferage ,/n./@偷竊;
pineapple ,/n./@菠萝;
plainsman ,/n./@平原居民;
plaintiff ,/n./@原告;
planetary ,/adj./@行星的;
plasmatic ,/adj./@等離子的;,/adj./@血漿的;,/adj./@原生質的;
platitude ,/n./@单调;
plausible ,/adj./@似有道理的;
plentiful ,/adj./@丰富的;,/adj./@充足的;
plication ,/n./@褶皺;,/n./@皺紋;
pluralism ,/n./@多元化;
pneumatic ,/adj./@氣體的;,/adj./@空氣的;,/adj./@充氣的;,/adj./@壓縮空氣推動的;,/adj./@氣動的;
poisonous ,/adj./@有毒的;
political ,/adj./@政治的;
pollution ,/n./@污染;
ponderous ,/adj./@笨重的;
porcelain ,/n./@瓷;,/n./@瓷器;
portfolio ,/n./@公文包;,/n./@文件夹;
posterior ,/adj./@後面的;
posterity ,/n./@後代;,/n./@後世;,/n./@後裔;
postulate ,/vt./@假定;,/vt./@假設;,/n./@假設;,/n./@假定;
potential ,/n./@潜力;
practical ,/adj./@實際的;
pragmatic ,/adj./@實際的;,/adj./@實用主義的;,/adj./@務實的;,/adj./@實幹的;
precedent ,/adj./@前面的;,/n./@先例;
preceding ,/adj./@在前的;
precipice ,/n./@悬崖;,/n./@险境;,/n./@斷崖;,/n./@絕壁;
precision ,/n./@精确;
precursor ,/n./@前驅;,/n./@前身;,/n./@前兆;,/n./@前體;,/n./@先兆;
predation ,/n./@掠食;,/n./@掠奪;
predicate ,/v./@断言;,/v./@断定;,/n./@谓语;,/n./@述语;,/adj./@谓语的;
preferred ,/adj./@优先的;
pregnancy ,/n./@懷孕;
prejudice ,/n./@偏见;
premature ,/adj./@過早的;,/adj./@倉促的;,/adj./@不成熟的;,/adj./@早產的;
prescribe ,/v./@指定;,/v./@开@药;,/v./@采用;
president ,/n./@总统;
prevalent ,/adj./@流行的;,/adj./@盛行的;,/adj./@普遍的;
primitive ,/adj./@原始的;,/adj./@早期的;,/adj./@純樸的;
principal ,/n./@校長;,/adj./@主要的;,/adj./@首要的;,/adj./@主角;,/adj./@最重要的;,/n./@本金;
principle ,/n./@原理;
privilege ,/n./@特權;
proactive ,/adj./@前瞻性的;
procedure ,/n./程序;,/n./@步骤;
processor ,/n./@處理器;
profanity ,/n./@褻瀆;,/n./@不敬;
professor ,/n./@教授;
projector ,/n./@投影儀;
prominent ,/adj./@显要的;,/adj./@重要的;,/adj./@显著的;,/adj./@凸出的;,/adj./@著名的;,/adj./@傑出的;
promising ,/adj./@有希望的;
promotion ,/n./@促进;,/n./@提拔;,/n./@晋升;
pronounce ,/v./@發音;,/v./@宣布;
propagate ,/vt./@传播;,/vi./@繁殖;
proponent ,/n./@倡导者;,/n./@提議人;,/n./@擁護者;
prosecute ,/v./@迫害;
protester ,/n./@抗议者;
prototype ,/n./@原型;,/n./@样本;,/n./@标准;
provision ,/n./@提供;
proximity ,/n./@親近;,/n./@接近;,/n./@鄰近;
pseudonym ,/n./@假名;,/n./@筆名;,/n./@藝名;
pubescent ,/adj./@青春期的;,/adj./@有軟毛的;
pulmonary ,/adj./@肺的;
pulsation ,/n./@脈動;,/v./@搏動;,/v./@悸動;,/v./@振動;
pulverize ,/vt./@弄碎;,/vt./@击败;,/vt./@粉碎;,/vt./@摧毀;
punctuate ,/v./@加標點;,/v./@不時打斷;
pupillary ,/adj./@瞳孔的;,/adj./@学生的;,/adj./@被监护人的;
purgatory ,/n./@炼狱;,/n./@折磨;
quadruped ,/n./@四足動物;,/n./@四足獸;
quadruple ,/adj./@四倍的;,/adj./@四重的;
qualified ,/adj./@有资格的;
quarterly ,/n./@季刊;
quintuple ,/adj./@五倍的;
quotation ,/n./@引用;
radiation ,/n./@輻射;,/n./@放射;
radicular ,/adj./@神經根性的;,/adj./@神經根部的;
radiogram ,/n./@無線電報;,/n./@收音電唱機;
rasterize ,/vt./@光柵化;,/vt./@像素化;
rationale ,/n./@根本原因;,/n./@逻辑依据;
realistic ,/adj./@逼真的;,/adj./@实际的;
rebellion ,/n./@反叛;,/n./@叛乱;
reception ,/n./@接待;,/n./@招待;
recession ,/n./(经济)@衰退;
recipient ,/n./@容器;,/n./@接受者;,/adj./@易接受的;
reclusive ,/adj./@隐居的;,/adj./@隐遁的;
recognize ,/v./@认识;,/v./@意识;
recollect ,/v./@记起;
recommend ,/v./@推荐;
reconcile ,/v./@和解;,/v./@调停;
rectangle ,/n./@矩形;,/n./@长方形;,/n./@長方形物;
recumbent ,/adj./@斜倚的;,/adj./@休息的;
recurrent ,/adj./@反復出現的;,/adj./@定期重複的;,/adj./@週期性的;,/adj./@一再發生的;
recursive ,/adj./@遞歸的;
redundant ,/adj./@多余的;
reference ,/n./@参考;,/n./@推薦;,/n./@調用;
reflexive ,/adj./@反身的;,/n./@反身形式;,/n./@反身動詞;,/n./@反身代詞;
refulgent ,/adj./@輝煌的;,/adj./@燦爛的;
refurbish ,/v./@刷新;
regarding ,/prep./@关于;
rehearsal ,/n./@排練;,/n./@彩排;
reinforce ,/v./@加强;,/v./@增援;,/vt./@強化;,/vt./@加固;,/vt./@加深;,/vt./@增加;
rejection ,/n./@拒絕;
religious ,/adj./@宗教的;
reluctant ,/adj./@不願的;,/adj./@勉强的;
remainder ,/n./@剩餘物;,/n./@餘數;,/v./@廉價出售;,/adj./@剩餘的;
remaining ,/adj./@剩餘的;,/adj./@剩下的;
reminisce ,/n./@追忆;
rendition ,/n./@给予;
repellent ,/adj./@不吸引人的;
replenish ,/v./@補充;,/v./@再加滿;
replicant ,/n./@複製人;
reposeful ,/adj./@平穩的;,/adj./@沉著的;
reprehend ,/v./@指責;,/v./@斥責;,/n./@責備;
represent ,/v./@代表;
reprimand ,/v./@谴责;,/vt./@訓斥;,/vt./@斥責;
reproduce ,/v./@复制;
repudiate ,/v./@否認;,/v./@拒絕接受;
repulsive ,/adj./@不吸引人的;
requisite ,/adj./@必要的;,/adj./@需要的;
resentful ,/adj./@怨恨的;
reservoir ,/n./@水庫;,/n./@蓄水池;
residence ,/n./@居住;
resilient ,/adj./@堅韌的;
resultant ,/adj./@結果的;
resurrect ,/v./@复活;,/v./@使复活;
retaliate ,/v./@報復;
retribute ,/v./@报应;
revulsion ,/n./@厭惡;,/n./@憎惡;,/n./@嫌惡;,/n./@反感;
rheumatic ,/adj./@风湿病的;,/adj./@患风湿病的;
righteous ,/adj./@正义的;
sacrament ,/n./@聖禮;,/n./@聖典;,/n./@聖餐;,/n./@聖物;
sacrifice ,/n./@牺牲;
salacious ,/adj./@淫穢的;,/adj./@淫蕩的;,/adj./@猥褻的;,/adj./@色情的;
salvation ,/n./@拯救;
sanctuary ,/n./@避難所;,/n./@至聖所;,/n./@神殿;
sarcastic ,/adj./@挖苦的;,/adj./@讽刺的;
satirical ,/adj./@諷刺的;
satisfied ,/adj./@感到滿意的;
scapegoat ,/n./@替罪羊;,/n./@替罪者;
sceptical ,/redirected./@target="skeptical";
schematic ,/adj./@图解的;,/adj./@概要的;,/adj./@示意的;,/adj./@圖示的;,/adj./@概略的;
scientist ,/n./@科学家;
scoundrel ,/n./@無賴;,/n./@壞蛋;,/n./@惡棍;,/n./@流氓;
scrapbook ,/n./@剪貼簿;
scrutable ,/adj./@可以了解的;
sculpture ,/n./@雕塑;
secession ,/n./@脫離;,/n./@分離;,/n./@退出;
seclusion ,/n./@僻静;,/n./@隐居;,/n./@隔绝;,/n./@隔离;,/n./@清静;
secondary ,/adj./@次要的;,/adj./@第二的;
sedentary ,/adj./@久坐的;,/adj./@坐慣的;,/adj./@定栖的;,/adj./@靜坐的;
seduction ,/v./@诱惑;
seductive ,/adj./@吸引人的;
segmental ,/adj./@分節的;,/adj./[Architecture]@弧形的;
segregate ,/v./@隔離;,/v./@分離;
selection ,/n./@挑选;,/n./@選擇;,/n./@選集;
semblance ,/n./@外貌;,/n./@假裝;
semicolon ,/n./@分號;
sensation ,/n./@感觉;,/n./@轰动;,/n./@知觉;,/n./@直觉;
sensitive ,/adj./@敏感的;
sentience ,/n./@感覺能力;,/n./@知覺能力;,/n./@情感能力;,/n./@感覺力;,/n./@感情能力;
sentiment ,/n./@情緒;,/n./@態度;,/n./@祝願;,/n./@祝辭;
September ,/n./@九月;
sequencer ,/n./@定序器;,/n./@程序;,/n./@装置;
seriously ,/adv./@嚴肅地;,/adv./@嚴重地;
seventeen ,/adj./@十七;
severance ,/n./@解雇;,/n./@割断;,/n./@切断;,/n./@断绝;
sexuality ,/n./@性慾;
shamanism ,/n./@黃教;,/n./@萨满教;
sharpener ,/n./@削筆刀;,/n./@磨刀石;
sharpness ,/n./@鋒利;,/n./@銳利;,/n./@敏銳;,/n./@鮮明;,/n./@清晰;,/n./@急劇;,/n./@敏捷;,/n./@精明;,/n./@苛刻;,/n./@嚴厲;
shootdown ,/n./@击落;
shouldn't ,/v./@不能;
signature ,/n./@署名;
similarly ,/adj./@相似的;
simulator ,/n./@模拟器;
sincerely ,/adj./@真诚地;
sinistral ,/adj./@左的;,/adj./@用左手的;,/adj./@左旋的;
situation ,/n./@情况;
skeptical ,/adj./@懷疑的;,/adj./@懷疑論的;,/adj./@不可知論的;,/adj./@表示懷疑的;,/adj./@持懷疑態度的;
slaughter ,/n./@屠殺;
socialite ,/n./@社會名流;,/n./@社交界名流;
solicitor ,/n./@律師;
something ,/n./@某些事;,/n./@某事;
sometimes ,/adv./@有時;,/adv./@不時;
soporific ,/adj./@催眠的;,/adj./@昏昏欲睡的;,/adj./@使人昏昏欲睡的;
specially ,/adj./@特别的;
spectacle ,/n./@場面;
spectator ,/n./@旁观者;,/n./@观众;
speculate ,/v./@推测;
spherical ,/adj./@球形的;,/adj./@球的;,/adj./@球面的;,/adj./@球体的;,/adj./@天體的;,/adj./@圓的;
spiritual ,/adj./@精神的;,/adj./@虔诚的;
spongebob ,/n./@海绵宝宝;
spotlight ,/n./@聚光燈;,/v./@聚光;
sprightly ,/adv./@活潑地;,/adj./@活潑的;,/adj./@愉快的;
stability ,/n./@穩定性;
stalemate ,/n./@僵局;,/n./@困境;
starboard ,/n./@右舷;,/n./@右侧;
statement ,/n./@聲明;,/n./@陳述;,/n./@口供;
stateside ,/adj./@在美国的;,/adv./@在美国;,/adv./@向美国;
statistic ,/n./@资料;,/n./@统计数据;
statutory ,/adj./@法定的;,/adj./@规定的;,/adj./@成文的;,/adj./@成文法的;
sterilize ,/v./@消毒;,/v./@滅菌;
stimulate ,/v./@刺激;,/v./@鼓舞;
stressful ,/adj./@紧张的;
structure ,/n./@结构;,/n./@组织;
subatomic ,/adj./@亚原子的;
subdivide ,/v./@再分;
subjugate ,/vt./@征服;,/vt./@克制;,/vt./@制服;,/vt./@抑制;
submarine ,/n./@潜艇;
subscribe ,/v./@订阅;,/v./@赞成;,/v./@签署;,/v./@捐助;
subscript ,/adj./@下標的;,/n./@下標;
subsidize ,/vt./@补贴;,/vt./@资助;
substance ,/n./@物质;
successor ,/n./@繼任者;,/n./@繼承人;,/n./@繼承者;
succulent ,/adj./@多汁的;
suffocate ,/v./@窒息;,/v./@受阻;,/vt./@悶死;,/vt./@扼制;
suffoquer ,/vt./@窒息;
sumptuous ,/adj./@奢侈的;,/adj./@豪華的;,/adj./@奢華的;
sunflower ,/n./@向日葵;
supersede ,/v./@取代;,/v./@推遲;,/v./@代替;
supervise ,/v./@监督;,/v./@管理;
supremacy ,/n./@霸權;,/n./@優勢;
surcharge ,/n./@附加費;,/n./@額外費;
surrender ,/v./@投降;
suspicion ,/n./@怀疑;
symbiosis ,/n./@共生;
synagogue ,/n./@犹太教堂;
syntactic ,/adj./@句法的;
synthesis ,/n./@綜合;,/n./@合成;
synthetic ,/adj./@合成的;,/adj./@人造的;,/adj./@綜合的;
tangerine ,/n./@橘子;
tantalize ,/vt./@逗惹;,/vt./@折磨;,/vt./@撩撥;
taxonomic ,/n./@分類法;,/n./@分類學;,/adj./@分類的;
technique ,/n./@技术;
telepathy ,/n./@心靈感應;,/n./@傳心術;
telephone ,/n./@电话;
telephony ,/n./@電話通訊;,/n./@電話學;,/n./@電話製造法;
telescope ,/n./@望远镜;
temporary ,/adj./@临时的;
tenebrous ,/adj./@陰暗的;,/adj./@黑暗的;,/adj./@陰沉的;,/adj./@晦澀的;
tentative ,/adj./@試探性的;,/adj./@試驗性的;,/adj./@暫時性的;,/adj./@嘗試性的;
terminate ,/vt./@终止;,/vt./@结束;,/vt./@停止;,/vt./@解雇;
territory ,/n./@领地;
tesseract ,/n./@四次元立方體;,/n./@超立方體;,/n./@四維立方體;
theocracy ,/n./@神權政體;
therefore ,/conj.//adv./@因此;
thesaurus ,/n./@寶庫;,/n./@同義詞詞典;,/n./@類屬詞典;,/n./@主題詞表;,/n./@同反義詞詞典;
thickness ,/n./@厚;,/n./@厚度;,/n./@濃;
threshold ,/n./@门槛;
thumbnail ,/n./@拇指甲;,/n./@缩略图;,/n./@略图;,/n./@短文;
tolerance ,/n./@容忍度;
tombstone ,/n./@墓碑;
toothache ,/n./@牙痛;
torturous ,/adj./@折磨人的;
tracksuit ,/n./@寬鬆衣褲;,/n./@運動服;,/n./@休閒衣褲;
trademark ,/n./@商標;
tradition ,/n./@传统;,/n./@惯例;
transcend ,/v./@超越;,/v./@戰勝;,/vt./@勝過;,/vt./@優於;
transform ,/v./@转换;,/v./@改观;
transient ,/adj./@短暫的;,/adj./@暂住的;
translate ,/v./@翻譯;
transmute ,/v./@变化;
transonic ,/adj./@接近音速的;
transpond ,/v./@轉發;
transport ,/v./@运输;
treadmill ,/n./@踏車;,/n./@跑步機;,/n./@單調的工作;
treatment ,/n./@治療;,/n./@待遇;
trembling ,/adj./@发抖的;
tributary ,/adj./@支流的;,/adj./@納貢的;,/n./@支流;,/n./@附庸國;
triumphal ,/adj./@慶祝勝利的;,/adj./@凱旋的;
turbulent ,/adj./@动荡的;
umbilical ,/adj./@脐带的;
unanimous ,/adj./@一致的;,/adj./@意见一致的;,/adj./@一致通過的;
uncharted ,/adj./@地圖上未標明的;,/adj./@未经探测的;,/adj./@未知领域的;
underline ,/v./@强调;
undermine ,/v./@暗中破坏;
undertake ,/v./@從事;,/v./@承擔;
underwear ,/n./@内衣;
universal ,/adj./@宇宙的;,/adj./@普遍的;
unlimited ,/adj./@无限的;
unnerving ,/adj./@令人氣餒的;
unrefined ,/adj./@未提煉的;,/adj./@未精製的;,/adj./@粗俗的;,/adj./@不高尚的;,/adj./@无教养的;
unscathed ,/adj./@未受傷的;
unseeable ,/adj./@看不见的;
untouched ,/adj./@不受影响的;
unwilling ,/adj./@不願意的;
uppermost ,/adj./@至高的;,/adj./@至高地;
utterance ,/n./@话语;,/n./@言論;,/n./@發聲;
uttermost ,/n./@極度;,/adj./@極端;
vaccinate ,/v./@注射疫苗;
vandalism ,/n./@破壞行為;
vandalize ,/vt./@蓄意破坏;,/vt./@故意破壞;
vegetable ,/n./@蔬菜;,/n./@植物;,/adj./@蔬菜的;,/adj./@植物的;
vehemence ,/n./@熱情;
vengeance ,/n./@报复;,/n./@复仇;
ventricle ,/n./@室;,/n./@心室;,/n./@腦室;
versatile ,/adj./@多功能的;,/adj./@多才多藝的;,/adj./@多用途的;,/adj./@多種用途的;,/adj./@隨機應變的;,/adj./@多方面適用的;,/adj./@萬用的;
vibration ,/n./@振動;,/n./@顫動;,/n./@震動;
videotape ,/n./@錄像帶;,/n./@錄影帶;
viewpoint ,/n./@观点;
vigilance ,/n./@警戒;
vindicate ,/v./@辯護;
virtually ,/adv./@实际上;,/adv./@事实上;
visionary ,/adj./@梦想的;,/n./@空想家;
visualize ,/v./@可视化;
voiceless ,/adj./@無聲的;
volunteer ,/n./@志愿者;
vouchsafe ,/vt./@给予;,/vt./@惠赐;,/vt./@承诺;,/vt./@透露;
vulgarian ,/n./@俗人;
vulgarity ,/n./@粗俗;,/n./@粗俗语;,/n./@粗野动作;,/n./@庸俗;,/n./@不雅;
warranted ,/adj./@擔保的;
wasteland ,/n./@废土;
waterfall ,/n./@瀑布;
watermark ,/n./@水印;
watershed ,/n./@分水嶺;
weariness ,/n./@疲倦;
Wednesday ,/n./@星期三;
whimsical ,/adj./@異想天開的;,/adj./@怪誕的;,/adj./@古怪的;
whirlwind ,/n./@旋风;
whitewash ,/n./@石灰水;,/n./@粉飾;,/v./@粉刷;
whosoever ,/pron./@任何人;
withstand ,/v./@抵挡;,/v./@反抗;
womankind ,/n./@女人們;,/n./@女性;
wonderful ,/adj./@精彩的;
workforce ,/n./@劳动力;
workplace ,/n./@工作地;
wuthering ,/adj./@呼嘯;
yesterday ,/n./@昨天;,/adv./@在昨天;
youngster ,/n./@少年;
zeitgeist ,/n./@時代精神;